Index,x1,x2,x3
1,0.0,0.959525241531256,0.6748655032383164
2,0.031147369369566302,0.9732981931506044,0.7998713275484493
3,0.19053962846111938,0.9248600372721938,0.7347447876904549
4,0.2436939921271989,0.0005328387707616011,0.6399536922542052
5,0.33031635297511774,0.9343754747524687,0.6740769812510976
6,0.4175306967128912,0.9343754747524687,0.8069142625706534
7,0.43359997980987,0.896377301161966,0.6796916162191804
8,0.4876995186804365,0.9270910528734749,0.6962917961455611
9,0.5309203653675749,0.5663490650151382,0.6835571660519779
10,0.5416843184096871,0.959525241531256,0.7433468457328416
11,0.5649331316659651,0.6743472146055159,0.6900911459733408
12,0.589966081211379,0.651440427490223,0.6637312143597023
13,0.5976655702004477,0.554782168867278,0.7178309910646122
14,0.6374419933020774,0.4180060576314997,0.699019365383168
15,0.6443867142286388,0.554782168867278,0.7593054554968943
16,0.6557466764900106,0.9248600372721938,0.6432045533560571
17,0.6761915224577182,0.9248600372721938,0.6677921025938789
18,0.6878569459108306,0.576388749221496,0.7116858958505823
19,0.6976455600181082,0.97457365578301,0.5856639534341925
20,0.7135945031021407,0.896377301161966,0.6766575986638137
21,0.7203873481843257,0.9982407548519252,0.5639097070640817
22,0.7311848389758404,0.896377301161966,0.7417232072773411
23,0.741125126486351,0.9248600372721938,0.6202908212456497
24,0.7545265952103415,0.9773723583362633,0.6260398633706448
25,0.7562670267059907,0.576388749221496,0.6955104425400443
26,0.7599274100044524,0.9248600372721938,0.7387124869625058
27,0.7608186009040662,0.8740321649672578,0.5394547728877468
28,0.7716221199429584,0.5962351964230215,0.7238739368393888
29,0.7728710693296584,0.99905432308248,0.7508628939473769
30,0.7750953351577329,0.9956668734677421,0.8160467808589872
31,0.7798455940912019,0.6091595156294813,0.6201420773253334
32,0.7969027899673589,0.727852108830966,0.7585886173266954
33,0.8055923511078007,0.9248600372721938,0.780407379132124
34,0.8111398682504042,0.8054561163718051,0.704447622426999
35,0.8240875089180947,0.8067061388719221,0.7421766074199919
37,0.8311348450108358,0.9419741422655398,0.7566459858854564
38,0.8323487045993683,0.896377301161966,0.7203614298054143
39,0.8340485803859815,0.8949586537849997,0.6801145507395978
40,0.8347134420874147,0.5663490650151382,0.6864603606412834
41,0.8357765729980494,0.9648239650846184,0.7578126400074552
42,0.8400440997786509,0.9248600372721938,0.7436819675774096
43,0.8401267632454879,0.651440427490223,0.34920592251696214
44,0.8420793530592883,0.554782168867278,0.6972774486295846
45,0.8523599666251033,0.9306374553147676,0.7600975616749641
46,0.8619041667920677,0.9626165176058915,0.724746687311606
47,0.8640051459638882,0.984765320779668,0.8021526650251073
48,0.8641590012327766,0.9955481928506028,0.7092862800758415
49,0.8682633829453594,0.9169092639281724,0.42757963176023195
50,0.8725539655228337,0.9953896600262321,0.8339802797819378
51,0.8735053714158414,0.9625348691813197,0.7706942219259292
52,0.8739225801186692,0.9995142494740973,0.47774217481532455
53,0.8771961433792547,0.4358852626033656,0.703150145338939
54,0.8779814350674756,0.9996724582967832,0.4347551818439228
55,0.881855101357107,0.6215609081167222,0.7762568861266725
56,0.8843075408471118,0.9941158534024377,0.790452073992036
57,0.8868515287207973,0.9951484947721728,0.7723268208585571
58,0.8895369554732505,0.9270910528734749,0.6740196341974818
59,0.8903919993820597,0.6129044351030626,0.646487672175568
60,0.8911030176641594,0.854028540948413,0.7511173714977974
61,0.8920032059479187,0.942611165578061,0.723117672569829
62,0.8929460868194485,0.9965572540977213,0.7850919165743737
63,0.8941621282736364,0.9248600372721938,0.7963928703275592
64,0.8950224131587103,0.576388749221496,0.7116858958505823
65,0.8952510591833084,0.9832757530339158,0.6985014498051992
66,0.8954979024173407,0.9850542822822679,0.7255280409171228
67,0.9012831304490689,0.9986567850152821,0.7656888994025154
68,0.9013001804920246,0.9201069205559869,0.6231814711669768
69,0.9024144390380663,0.678825277891445,0.693465661659552
70,0.9029614350071932,0.8994489211343899,0.7275513166525092
71,0.9079191961125183,0.9997450226741179,0.7790830206126815
72,0.9109862244200433,0.9951542188019378,0.8318046759353842
73,0.911690134768668,0.7867536951192147,0.6791665322595097
74,0.911885692913071,0.9653089476065275,0.6389447425296502
75,0.9138443559611696,0.9997332026126536,0.620367881348946
76,0.9145458820029959,0.959525241531256,0.7049243198101813
77,0.915957324147364,0.9760590235069222,0.766923653150683
78,0.9199426254807809,0.9755389408024921,0.7003616448568654
79,0.9203477776888537,0.9996807383398394,0.5850689777529274
80,0.9210260229992033,0.9662233043611826,0.6786683297312215
81,0.9220366091864282,0.9732981931506044,0.7647838912126392
82,0.9221379197319067,0.324357018656497,0.7082056465342667
83,0.9248671637451485,0.9875535832786331,0.94979265455927
84,0.9260108662308064,0.9850542822822679,0.5916334232965237
85,0.9262990524449874,0.7874241386055207,0.7622426998992842
86,0.9267125047399345,0.9975680193537007,0.7564631921520557
87,0.9278570394836257,0.9975680193537007,0.7348505213205593
88,0.9278971678169148,0.9998398591672677,0.726304018236363
89,0.9282690297036491,0.9976109195767818,0.6837023257814432
90,0.9285222610804248,0.9966102463732811,0.7249294810450067
91,0.9289103407520815,0.9982407548519252,0.7069870216449285
92,0.930972743639378,0.19415758961946605,0.7451783672576997
93,0.9329677111325039,0.5962351964230215,0.6681989082554668
94,0.9345843161288503,0.984104141341535,0.7954663569925772
95,0.9350406859461714,0.9239548965654621,0.694175331448049
96,0.9368343369690413,0.9850542822822679,0.8191166403228639
97,0.9396639243089661,0.896377301161966,0.7446371544391996
98,0.939764515063713,0.9817964573415782,0.7528754171102103
99,0.9404062759813525,0.9829280272257416,0.6028716537098167
100,0.9406686172095756,0.8994489211343899,0.6685089407640779
101,0.9409828283573975,0.6743472146055159,0.6900911459733408
102,0.9429725098873379,0.959690530390758,0.6895158833417562
103,0.9430235475489034,0.999865707301678,0.5517234581707007
104,0.9432307348123143,0.5766312944827313,0.6877918875424278
105,0.9432943463182232,0.9951196226220377,0.703773794547012
106,0.9441209359996722,0.6091595156294813,0.6635627573897055
107,0.9442700451484238,0.991146245960479,0.7370386698350914
108,0.9446887384196355,0.8949586537849997,0.6659946308821052
109,0.9451611910611168,0.8757792420520587,0.7698967394615829
110,0.9458174602606911,0.9993782047666648,0.7826259932688896
111,0.9461627123838151,0.4358852626033656,0.6952487966079217
112,0.9466710420945766,0.9850542822822679,0.7707784504109275
113,0.9468306556893181,0.9991800597363106,0.7462213667953391
114,0.9476752851259789,0.896377301161966,0.6472188471091709
115,0.9479829956637557,0.7367437110672975,0.7140908879115995
116,0.9484131156128323,0.9350126060655516,0.7077307412465099
117,0.9487956843866998,0.0005328387707616011,0.6351652132772766
118,0.9518324140031148,0.5935017622091635,0.7117826690035591
119,0.9522163998649853,0.9850542822822679,0.7478880155410516
120,0.9527034057753219,0.0005328387707616011,0.5819632763805407
121,0.9534851434968055,0.9966740387050013,0.6387583646053985
122,0.9535109659893031,0.5663490650151382,0.6898456289000476
123,0.9549237127543724,0.9089415704961665,0.7283183334946219
124,0.9552669854529843,0.9545293875528152,0.6990946333910388
125,0.9555520675696352,0.9802913495150175,0.7506603871642957
126,0.9559070368676363,0.7568065913942752,0.7374132177790202
127,0.9569664338638506,0.9710033972176655,0.6879119579359362
128,0.9575057145760727,0.8409247008084442,0.5129317605903879
129,0.958053407842471,0.9248600372721938,0.6905158725891836
130,0.9586489222056026,0.9201069205559869,0.5877463683186201
131,0.9586850017160261,0.9951484947721728,0.790434153037781
132,0.9600424595555211,0.9228919310380415,0.6294842707784505
133,0.9605859240513709,0.6129044351030626,0.714424217660742
134,0.9608933646676233,0.9779950895744658,0.6160847732820077
135,0.9609355848927262,0.9992871362931087,0.769785629545202
136,0.9610488169721976,0.9426754259122148,0.6208642917818088
137,0.9623823192764052,0.996923880004176,0.6485073637201033
138,0.9623933635654438,0.8444275070230365,0.7086196205775566
139,0.9624567726302093,0.791813029427753,0.772740794901847
140,0.9641537242669752,0.678825277891445,0.6947183363619747
141,0.9641775898284213,0.8298047469846843,0.6977953642075534
142,0.9644490858950123,0.5693912368344316,0.4190259602943337
143,0.9649480133393418,0.926250112500585,0.6367064153432043
144,0.9658602131309354,0.9947584807440999,0.7531030132292484
145,0.9659121280374551,0.7874241386055207,0.7622426998992842
146,0.9659409196667207,0.994867597311506,0.8038909975878396
147,0.9661253210547831,0.8733253732919412,0.7375619616993365
148,0.966340853391989,0.7771924174005704,0.6673870890277165
149,0.9664286678612494,0.9981428223426762,0.7307430386053196
150,0.9667954012390207,0.999867927313222,0.7439006032193203
151,0.9669012104765721,0.854028540948413,0.5919273269463052
152,0.9673255496063352,0.6262411244538472,0.5759185385103386
153,0.9673580751500213,0.997591503475818,0.7438737217879378
154,0.9675602688652315,0.9951484947721728,0.6240273402078114
155,0.9678073145404071,0.7568065913942752,0.6105884166120077
156,0.9680947809638565,0.9991341834977542,0.6495754525936996
157,0.9684920379673416,0.9850542822822679,0.6318623814080853
158,0.968629450516704,0.9180028176146516,0.767265943376953
159,0.968732583032472,0.9798097030104557,0.6080794830163117
160,0.9703608846282076,0.9089415704961665,0.7689092948821339
161,0.9707141444232211,0.9089415704961665,0.8523062476030724
162,0.9707252112057201,0.7710359893871448,0.6241922129869572
163,0.970945872051889,0.957417070568767,0.6858008695247004
165,0.9716536737691567,0.9850542822822679,0.7061769945126037
166,0.9717034517969418,0.8623319121259431,0.8012261516901252
167,0.9717641391530033,0.9180028176146516,0.7126500431894998
168,0.9720199347842605,0.9248600372721938,0.7608376970856945
169,0.9727787516696333,0.791813029427753,0.7179098432633341
170,0.9728704575075365,0.9266414585355844,0.6551040669813586
171,0.9729263987434613,0.9479873855344048,0.5989523410142543
172,0.972942886449908,0.9168901358287063,0.5919990107633251
173,0.9730226257668977,0.8987588935462465,0.6750321681128877
174,0.9732292057068788,0.9844043949028535,0.6786002301050527
175,0.9743653054029336,0.9180028176146516,0.6891556721612313
176,0.975942456869802,0.9180028176146516,0.722821976824622
177,0.9761015081280344,0.9889695426416217,0.7433719350687986
178,0.9761737571227229,0.9022773718423336,0.7605760511535719
179,0.976856478631685,0.5693912368344316,0.6693225520872536
180,0.9774523978771033,0.324357018656497,0.7421999046605234
181,0.9777142892361189,0.8067061388719221,0.6827991096869925
182,0.9781946145887276,0.997889909027527,0.7643752934556259
183,0.9781959866898098,0.9963986372729138,0.7639451905535066
184,0.9791233020867678,0.9270910528734749,0.7588323423045631
185,0.9791501142915214,0.9304685904366703,0.5709239685594778
186,0.979249197984424,0.9419741422655398,0.8159517998014358
187,0.9793898945789996,0.9180028176146516,0.6662150586194413
188,0.9794414495901534,0.9850053340277369,0.7746422081482995
189,0.9799182659629453,0.576388749221496,0.6198607183435303
190,0.9800022115570229,0.929474673268301,0.5536410002759826
191,0.9800460962981927,0.9022773718423336,0.7371587402285997
192,0.9811045485690718,0.5663490650151382,0.678071561954531
193,0.9814171626812078,0.19415758961946605,0.7338845818862163
194,0.9816380934489012,0.9980470498446592,0.7642480546804156
195,0.9819495379010983,0.9984910641535336,0.8025558864958442
196,0.9819734034625444,0.9982366028303347,0.7550904470561248
197,0.9820535026748998,0.9771497691787997,0.7204546187675401
198,0.9824817331733059,0.9208146602362333,0.7409543983398028
199,0.9825857429340281,0.9829280272257416,0.7273290968197474
200,0.9826152093671047,0.4386289448705133,0.5446876915301986
201,0.8946612131721884,0.9180028176146516,0.6687006949746059
202,0.9281142297094255,0.9180028176146516,0.7744343250789418
203,0.9485321959919982,0.9228919310380415,0.7283523833077064
204,0.9536124564824646,0.9180028176146516,0.8374659053845299
205,0.9553374124773834,0.9180028176146516,0.832589613731752
206,0.961602268564449,0.9759562789726507,0.7068131883886553
207,0.9629716479379368,0.9180028176146516,0.6073554764644108
208,0.9656625406012583,0.9180028176146516,0.6810446482654309
209,0.9658092654432113,0.9187243573666584,0.8361307942925345
210,0.967352181863406,0.9975559352908635,0.8057368558761017
211,0.9728494486155568,0.9961801401367287,0.555646355057114
212,0.9739258506678061,0.9180028176146516,0.7843822467858769
213,0.9749682875949061,0.97457365578301,0.7269509646849676
214,0.9760216563437429,0.9985302203571459,0.6593190754221281
215,0.9761793130074328,0.998231874805749,0.7715562198255933
216,0.9768939077497304,0.9850542822822679,0.673188101920051
217,0.9775689589887084,0.9379204011860862,0.6076260828736608
218,0.9780727900073972,0.5766312944827313,0.6167209671580592
219,0.9788447655670829,0.9690250669303481,0.558522668215037
220,0.9789822905837471,0.9951196226220377,0.6524965681372601
221,0.9792811836850613,0.5766312944827313,0.7392304025404745
222,0.9518060291741081,0.6743472146055159,0.7573968738687398
223,0.9557577927581224,0.554782168867278,0.6821754604789196
224,0.9564745918595358,0.8949586537849997,0.6801145507395978
225,0.9682362198426241,0.6531427443422706,0.7205137579165816
226,0.9712328661126708,0.9954174881709384,0.6876359752404095
227,0.9716687893745212,0.9248600372721938,0.6784496940893109
228,0.9753994872300802,0.986885059802311,0.7883624907259061
229,0.9756301351726506,0.8802126051055466,0.6766343014232822
230,0.9772755093048022,0.9982361468279635,0.6425343096669212
231,0.9775718831385557,0.9579669134279498,0.7792048831016154
232,0.9799224722400333,0.9740641691336795,0.6914477622104422
233,0.9805423245272785,0.9927612503585018,0.7440170894219775
234,0.9806568162405304,0.678825277891445,0.6209252230262757
235,0.9820119122666872,0.9270910528734749,0.6807220710888413
236,0.9824866817345859,0.7817575651393387,0.6150095160267094
237,0.9828578013371283,0.9223506202232251,0.5902553019143164
238,0.9425286914208998,0.9793655207007076,0.5140356913724942
239,0.9609466291817649,0.896377301161966,0.7154869302480619
240,0.9617616797180472,0.9988765541580816,0.5979720648165073
241,0.9726423063390666,0.9187243573666584,0.7916043913506307
242,0.9736561090911234,0.9875535832786331,0.5110841102067003
243,0.97423461839822,0.9247121845033595,0.6301276330362039
244,0.9756498169504689,0.9998521712312904,0.7399579932832263
245,0.9762012666247478,0.9030552998875594,0.7088059985018083
246,0.9784220909533866,0.4358852626033656,0.6133303226130185
247,0.9807947461394811,0.9933584214637916,0.7755758898649835
248,0.9811744582438825,0.9978931370443126,0.8331021530234441
249,0.9812028899777823,0.986885059802311,0.8014196979960789
250,0.9813543834333325,0.8108139882327388,0.7505403167707874
251,0.981639443056523,0.984754376722759,0.6759407604936147
252,0.9819136383383577,0.9270910528734749,0.6389608713884797
253,0.9820731619592578,0.9954494083369233,0.7561262782120622
254,0.982233990200859,0.9625348691813197,0.7584918441737185
255,0.9828486689922206,0.8516288764701576,0.5658451701236187
256,0.8294950717503147,0.9187243573666584,0.8061329089651366
257,0.8379437054367999,0.9187243573666584,0.8192725526248822
258,0.8714922966871227,0.9187243573666584,0.7757013365447684
259,0.8801571375146247,0.9187243573666584,0.7914914893388243
260,0.8882831250056515,0.9187243573666584,0.0
261,0.8940962899151516,0.9187243573666584,0.8951767543718168
262,0.9090737854329921,0.9187243573666584,0.6530754149596958
263,0.9158379288597529,0.9187243573666584,0.642598825102239
264,0.9367303272083191,0.9187243573666584,0.7401640842571585
265,0.9476532640282828,0.896377301161966,0.806166958778221
266,0.952933356420621,0.9187243573666584,0.1295219047823859
267,0.9582026969389055,0.9187243573666584,0.6891520879703803
268,0.9695937451625002,0.896377301161966,0.6533603581323498
269,0.9719170047096357,0.8597754548323651,0.5554563929420113
270,0.9726095783542372,0.896377301161966,0.6723798668831518
271,0.9733062458086248,0.896377301161966,0.7361318695497898
272,0.9737770339340391,0.980250297301546,0.7387286158213353
273,0.976892895544014,0.651440427490223,0.6377816725985026
274,0.9790165931108019,0.9988513420269786,0.7468808579119222
275,0.9388660137894809,0.651440427490223,0.34920592251696214
276,0.952037509374712,0.9967144309150407,0.7204331136224342
277,0.9664692910506664,0.9802913495150175,0.6772669111084827
278,0.9699608609290977,0.9965853342437381,0.7136231510055447
279,0.971789219361309,0.8308887966217424,0.6629480686587599
280,0.9759208856413131,0.8308887966217424,0.6618871481668656
281,0.9765092020971283,0.6455790690111589,0.8405035071307477
282,0.9772063869011043,0.9419741422655398,0.7516227424077877
283,0.9782034770121109,0.9208146602362333,0.7015802697462035
284,0.9786644354953462,0.9983688435179863,0.8447740705297075
285,0.9795520049478414,0.9693134524299526,0.5910259029472802
286,0.9796770685874642,0.9850542822822679,0.7121070382755741
287,0.9803857925366068,0.9536853271637012,0.8040737913212402
288,0.9804854835529392,0.6091595156294813,0.6584266119002304
289,0.9820133968350712,0.7874241386055207,0.7390924111927112
290,0.9821156071189643,0.6743472146055159,0.656478604172715
291,0.9833373619120845,0.324357018656497,0.5853808023569639
292,0.9834458703648795,0.8210425534212777,0.6651165041236116
293,0.9834655296492374,0.9962282723870164,0.6631326544875862
294,0.9834900925079547,0.7650480422498197,0.6653315555746713
295,0.983617607934757,0.8308887966217424,0.5289405490263546
296,0.9837396124637704,0.7874241386055207,0.4933979204524682
297,0.9845559901142141,0.7817575651393387,0.6110669060906155
298,0.9849188996037237,0.998231874805749,0.6357512284814142
299,0.922634912738645,0.8597754548323651,0.5960634831883529
300,0.9250855977387414,0.9419741422655398,0.7336175596678172
301,0.9367158864067655,0.9419741422655398,0.7125909040404583
302,0.9497455607244027,0.6129044351030626,0.7446891252065391
303,0.9517023793087517,0.8597754548323651,0.6843421038483457
304,0.9708920227077781,0.9531206762275164,0.7408146148966139
305,0.971195661929229,0.8597754548323651,0.6083930997157736
306,0.9725782674574107,0.9284921441591496,0.6552187610885905
307,0.9739250184097726,0.9419741422655398,0.7575796676021405
308,0.9742076037523231,0.8597754548323651,0.6206904585255355
309,0.9754923177410015,0.9850542822822679,0.7416013447884073
310,0.9760160329786519,0.5663490650151382,0.8210037168059124
311,0.9779754158174823,0.9670112764586376,0.768794600774902
312,0.9782510956677011,0.9850542822822679,0.6753404085260732
313,0.9786448436913694,0.9343754747524687,0.7524345616355379
314,0.9787715268601384,0.9419741422655398,0.8072440081289448
315,0.9805302680325235,0.7771924174005704,0.7274814249309147
316,0.9291872127556995,0.9063875492152559,0.5926656702616101
317,0.949083015849387,0.9379204011860862,0.7183291935929004
318,0.953354906361299,0.9063875492152559,0.5926656702616101
319,0.9580616179555037,0.9504197021824513,0.6916323480392683
320,0.9669372450000749,0.8308887966217424,0.7880166163087852
321,0.9690460968830227,0.9518603816739847,0.7516263265986387
322,0.9736444574786549,0.9993154324402487,0.6674587728447364
323,0.9746993332893361,0.9052055310687616,0.6667168453385806
324,0.9747441177689204,0.8067061388719221,0.6796199324021606
325,0.9760280444864862,0.959525241531256,0.5156324483966122
326,0.9769300097536143,0.9850542822822679,0.7333111113500572
327,0.9789125833500797,0.9851024985329924,0.7342824270706767
328,0.9723587762711808,0.4386289448705133,0.6298731554857833
329,0.9729568548887939,0.8760434354258642,0.7843589495453454
330,0.9730956395392386,0.7710359893871448,0.7568359480005591
331,0.9731725896671432,0.7710359893871448,0.702487070031505
332,0.9754699367479396,0.554782168867278,0.6422260692537356
333,0.9768069255385036,0.9991608236362829,0.8289892940219281
334,0.9782389491991046,0.4386289448705133,0.6762274957616943
335,0.9795438173282691,0.954261006157232,0.7627014763282115
336,0.979915836669226,0.9728909350328622,0.6149862187861779
337,0.9800498302126132,0.4180060576314997,0.6739103163765264
338,0.9803085275002572,0.9946772043214624,0.7750149639968029
339,0.9166826032833344,0.8308887966217424,0.8156130937660169
340,0.9263554435501195,0.554782168867278,0.7634183144984104
341,0.9320244928590686,0.554782168867278,0.6693798991408695
342,0.9379334124293374,0.9991526395937259,0.7371300667017917
343,0.9446967011046044,0.7501805529388753,0.7403056597957728
344,0.9448335513174577,0.7501805529388753,0.745345032132271
345,0.9514806387764854,0.8308887966217424,0.7010551857865328
346,0.9522271967259599,0.7341214934317659,0.4455740619276495
347,0.9527286884247709,0.9986038887402214,0.7353845657573574
348,0.9536424177716691,0.9987679535933587,0.7445511338587757
349,0.9648597714943346,0.9715050718263735,0.7451174360132329
350,0.9726128623994503,0.8308887966217424,0.5767823285054283
351,0.9739294271280039,0.324357018656497,0.7347322430224765
352,0.9751083093856707,0.9793581886625811,0.6625215499474917
353,0.9757816511216612,0.9926372297135945,0.7899341584140672
354,0.9775435638719577,0.9996715102918535,0.7247807371246904
355,0.9775466904629483,0.957417070568767,0.7953140288814099
356,0.9779471190443446,0.9913257788940503,0.7404992061017265
357,0.9780451230511498,0.9980289417504971,0.7565133708239696
358,0.9780892777138439,0.7501805529388753,0.6542456532725455
359,0.7347592972557124,0.8308887966217424,0.7361963849851076
360,0.7526715370406785,0.8308887966217424,0.7613484442819611
361,0.7778602537991117,0.8308887966217424,0.8522489005494565
362,0.8094225375385488,0.8308887966217424,0.5051594427300066
363,0.831942225277134,0.8308887966217424,0.6257405834345867
364,0.8529700342570903,0.8308887966217424,0.6618871481668656
365,0.9571510601865166,0.9732981931506044,0.7647838912126392
366,0.9680647746877311,0.9625348691813197,0.736006422870005
367,0.9698056560525875,0.97457365578301,0.4725988609441476
368,0.9730146180950081,0.9650396662062642,0.7768231882811296
369,0.9748459006770667,0.8067061388719221,0.6236599606455844
370,0.975203974072598,0.926250112500585,0.7044243251864675
371,0.9765603972129163,0.9997859788870902,0.5344136084558231
372,0.9766092755022868,0.9850542822822679,0.7233470607842927
373,0.9771553267460785,0.4180060576314997,0.7864467407160496
374,0.9777550473862981,0.984754376722759,0.6171367332967745
375,0.9785940309644076,0.9966915587961057,0.68001419339577
376,0.9286550624704126,0.9247121845033595,0.7576495593237349
377,0.9627671598897695,0.9961801401367287,0.555646355057114
378,0.9713748898214077,0.9850542822822679,0.6141743995584277
379,0.9736844058642611,0.9807945481316502,0.6640251180094838
380,0.9749244253471967,0.9625348691813197,0.7092952405529689
381,0.9755237635985902,0.9343754747524687,0.77623000469529
382,0.9756639428435774,0.9887470014844078,0.7487267162001843
383,0.9760412256542594,0.8741984378318768,0.6279574054759267
384,0.9768853377413318,0.9853737119433021,0.7421389734160564
385,0.9786396926889461,0.7710359893871448,0.7052218076508138
386,0.9791310173436726,0.8221375231151202,0.6997989268932592
387,0.979468756651035,0.9849294936333669,0.7403002835094963
388,0.9800635737168955,0.8733253732919412,0.7332071698153784
389,0.9806322083948923,0.7710359893871448,0.685752482948212
390,0.9809075283497453,0.7710359893871448,0.6238069124704753
391,0.981060663827902,0.8198939194483812,0.772006035777393
392,0.9810622608635878,0.9990311869621722,0.910488417687265
393,0.9153413407353013,0.9967016868487716,0.6507438988111238
394,0.9516616211585724,0.9536853271637012,0.7156912291265685
395,0.9561148089610167,0.9247121845033595,0.6951860732680294
396,0.9570992352538384,0.9247121845033595,0.7573610319602299
397,0.9641734735251747,0.871175262111363,0.703773794547012
398,0.9667142673274886,0.9869217559931311,0.7527750597663825
399,0.9706541543644308,0.49332459328788514,0.5565298581018843
400,0.9709494035251661,0.9850542822822679,0.6957057809414235
401,0.9729693612527561,0.651440427490223,0.6437547266516848
402,0.976952930589725,0.7560742515861083,0.6872811403461612
403,0.9770088493321895,0.9949797258945746,0.7233775264065261
404,0.9790585659078408,0.957417070568767,0.6381490521607295
405,0.9808608094325696,0.9169092639281724,0.6717221678619942
406,0.9613116530565486,0.4175164910857536,0.7414490166772401
407,0.9695007796908166,0.9503909260328154,0.6703243334301066
408,0.9702888605681227,0.7874241386055207,0.7622426998992842
409,0.9773918904687245,0.998853034035777,0.6768314319200869
410,0.9782812818915093,0.9810313813631831,0.7020695117973642
411,0.9796272905596791,0.8987043052623873,0.6797633000362003
412,0.9799091786049583,0.5933362573485382,0.7332268828650588
413,0.9802454333439368,0.575975563072928,0.6283427059924087
414,0.9803124863492813,0.6452585593445086,0.7554273609961183
415,0.9815112528259097,0.998488976142676,0.727623000469529
416,0.9816382958900444,0.9488167578471408,0.7164707906366599
417,0.982683364552007,0.608815833842336,0.6708028229087142
418,0.9828010953235511,0.9850542822822679,0.5786658207976259
419,0.9834208801304153,0.7501805529388753,0.6914011677293792
420,0.9195251243629683,0.9993154324402487,0.7810059390042401
421,0.9248789728118395,0.9993154324402487,0.6192388612308828
422,0.9544091298616297,0.49332459328788514,0.6314842492733053
423,0.9729081115601855,0.8811707380878381,0.7758500804650846
424,0.977886116779838,0.9487970297445547,0.7889933083156812
425,0.9810879034084026,0.49332459328788514,0.6692257789342767
426,0.981997988814722,0.8515516560686116,0.7652516281186941
427,0.9822471038882511,0.9850542822822679,0.7215908072673054
428,0.9823725274232395,0.651440427490223,0.6192872478073712
429,0.8718772272743284,0.49332459328788514,0.6398049483338889
430,0.8762872951132552,0.49332459328788514,0.6210452934197841
431,0.8996279491681985,0.9662672845898799,0.6640645441088446
432,0.9173144895718743,0.49332459328788514,0.5263742683770425
433,0.9199192547754629,0.49332459328788514,0.6182765059873908
434,0.9204448369703234,0.49332459328788514,0.6582366497851277
435,0.927800918300018,0.49332459328788514,0.5983519890467128
436,0.9355980963874468,0.49332459328788514,0.6337261606506024
437,0.9462411695735641,0.49332459328788514,0.6501919334200708
438,0.9475317543553975,0.49332459328788514,0.5820044945753271
439,0.9592322226197566,0.9662672845898799,0.6697042684128844
440,0.9614494479947373,0.49332459328788514,0.714406296706487
441,0.9615571466829591,0.49332459328788514,0.6945498793919779
442,0.9621137698531218,0.49332459328788514,0.5847535689580399
443,0.9765850050585543,0.9850542822822679,0.7256176456883976
444,0.9768197917978316,0.8949586537849997,0.6108016759676419
445,0.9770233576141241,0.49332459328788514,0.6801539768389587
446,0.9772064768749458,0.49332459328788514,0.6163052010193439
447,0.9775759094679608,0.9616739367044709,0.684184399450902
448,0.9626553898852217,0.755991331154922,0.6167442643985908
449,0.9718481972143829,0.986864767696792,0.6827435547288022
450,0.9721773890068071,0.9985856366453105,0.704739733981355
451,0.9742004733253877,0.9178280607059157,0.7125461016548209
452,0.9754128483455362,0.951738629040871,0.6421292961007588
453,0.9774973173174497,0.8827144021148909,0.7129546994118343
454,0.9783711432656627,0.4175164910857536,0.7702694953100863
455,0.9793380246594007,0.19355636249308494,0.6445396644480526
456,0.9795242255242922,0.9747280245857278,0.7284133145521733
457,0.9797088518469583,0.9959434149057576,0.7122844557226984
458,0.9801100901929277,0.9964439735086622,0.4625380372254062
459,0.9802814678674395,0.6126968340235369,0.6393336272369832
460,0.981164718575545,0.4175164910857536,0.7794701132245889
461,0.9813747850018825,0.4175164910857536,0.7735956244198091
462,0.982085420895156,0.9874186425769415,0.6463389282552517
463,0.9821496622179551,0.9813290909112727,0.6502779540004946
464,0.9822017120852369,0.873088768061594,0.6978993057422322
466,0.9588041720690335,0.6512475384872001,0.7720687591172855
467,0.9626318617256812,0.4175164910857536,0.7184510560818342
468,0.9635943344011879,0.4175164910857536,0.7801761988222349
469,0.9699930490708784,0.7865441380295177,0.6938617147485869
470,0.9709638443267197,0.6491895397856069,0.6405773414622782
471,0.9720415959865908,0.4175164910857536,0.7686100149460758
472,0.972228516642214,0.9976159236028027,0.7152951760375337
473,0.9732403399697589,0.32413070947968925,0.36756235596033016
474,0.9734439282795116,0.9959434149057576,0.7122844557226984
475,0.9741182147408374,0.8827144021148909,0.708268369874159
476,0.9741926006142604,0.4175164910857536,0.6984028845567969
477,0.9746678199513664,0.575975563072928,0.6410074443643975
478,0.9757225832947458,0.873936068467556,0.73049214524575
479,0.9767132402760883,0.994827337102153,0.7435618971839013
480,0.868443713017096,0.4175164910857536,0.7194241638978792
481,0.8934625366694015,0.4175164910857536,0.6580914900556625
482,0.9635404625636166,0.8356931656044612,0.45596104701383144
483,0.9695792818674862,0.8220745707877681,0.6756361042712802
484,0.9720466345217124,0.8356931656044612,0.5680261502564489
485,0.9744295917126534,0.678825277891445,0.6089432730114013
486,0.9758567792792763,0.873088768061594,0.7613161865643021
487,0.9771975019842606,0.873088768061594,0.7181141421418408
488,0.9792498278013142,0.9914967197829428,0.818749260760637
489,0.9796032225570899,0.9652840714771717,0.6913294839123594
490,0.9493798395523477,0.6528830029916155,0.7240155123780031
491,0.9554716084619138,0.9759279228251987,0.7283416307351533
492,0.9585062686799753,0.9111591460275593,0.7517661100418275
493,0.9712370723897588,0.753712627305662,0.7566800356985408
494,0.9715780957423343,0.9536385149202776,0.8071454428805425
495,0.9770019888267785,0.9802475492872563,0.6614462926921933
496,0.9779371994283242,0.9666220304345583,0.713112403809278
497,0.9791385526528945,0.8959982671909894,0.6276742543986982
498,0.9795434574329033,0.6452585593445086,0.8552829181048233
499,0.9795635215995477,0.9392878802969775,0.6663351290129497
500,0.979670995353166,0.575975563072928,0.5715924201531883
501,0.9799298500950326,0.9178280607059157,0.6716881180489098
502,0.9802327920192123,0.9950287581495424,0.6600968448367939
503,0.9802850668210977,0.9803319097259305,0.4364970985975061
504,0.9809365899005352,0.713875576152996,0.7261266007892389
505,0.9811556986979391,0.9300839044363031,0.6331240165876353
506,0.9699752117568099,0.985042054218682,0.6751325254567155
507,0.9710677866070608,0.9178280607059157,0.7459543445769401
508,0.9726170011961572,0.770822748278291,0.683514155761766
509,0.9742255760271538,0.9932340288169499,0.6549606993473188
510,0.976240292778479,0.7803827419902584,0.683777593789314
511,0.9767709135084611,0.9741191534195978,0.7182306283444981
512,0.9776240004862187,0.9062635525704734,0.7084780450389423
513,0.9776829558458322,0.9906210152292791,0.7747479417784038
514,0.9793661864717761,0.994868437315874,0.7727139134704645
515,0.9798104548074216,0.9096374781148862,0.7995236610359029
516,0.9800973364009015,0.9877335122142635,0.6631326544875862
517,0.9804566469367528,0.9544691112393784,0.7210782679756131
518,0.9260429194118248,0.5960920836788351,0.6214610595584994
519,0.9456615130999889,0.19355636249308494,0.8350537449418107
520,0.9617976242677085,0.982612005582429,0.6982828141632886
521,0.9715542301808884,0.9732001766409185,0.8272635061271743
522,0.9781839751819754,0.9652840714771717,0.7209581975821049
523,0.9786613763847368,0.9926041575416192,0.760749884409845
524,0.9788582391498408,0.5960920836788351,0.6630609706705662
525,0.9796772260416867,0.982612005582429,0.7531675286645663
526,0.9811009946023342,0.8120970109044567,0.6926054558553134
527,0.981558016730006,0.565923794803733,0.773663724045978
528,0.9815991122820906,0.4175164910857536,0.6725232345171916
529,0.981852073737342,0.9673867704112061,0.7163937305333634
530,0.9820322913417767,0.0,0.5898717934932599
532,0.9603964616347266,0.9885243643266945,0.7032272054422354
533,0.9612685105995709,0.9300839044363031,0.617177951491561
534,0.9694256290397412,0.985042054218682,0.7445188761411168
535,0.9702668169769662,0.9557838140758332,0.7359042734307517
536,0.9776859474760605,0.9874186425769415,0.7735418615570442
537,0.9788507038406189,0.9970399926079616,0.6468622201194969
538,0.9801200997827897,0.8827144021148909,0.7782604488123783
539,0.9802590643809173,0.9662126963060208,0.7347268667361999
540,0.9813668897972948,0.6491895397856069,0.6522367143005631
541,0.9817813318044978,0.19355636249308494,0.7529471009272302
542,0.9818181760925737,0.0,0.6598351989046713
543,0.9737101158894569,0.985042054218682,0.7137898158801159
544,0.976237323641711,0.9624499087395254,0.7471675931800017
545,0.977793556190441,0.6786459129587474,0.6947183363619747
546,0.9787511027981279,0.9268995078774409,0.6549374021067873
547,0.9804718750094191,0.9856555454088362,0.6276617097307198
548,0.9813812181315466,0.6452585593445086,0.8119070404260886
549,0.9815657094934505,0.0,0.5494188234535112
550,0.9822122840116079,0.32413070947968925,0.6112479077285907
551,0.9830497380344125,0.575975563072928,0.5563721537044404
552,0.9835157575462298,0.9984643280145057,0.7376121403712506
553,0.9836550370528024,0.9223154120401427,0.5902553019143164
554,0.9849037165179781,0.6452585593445086,0.8829152374705649
555,0.9587119263880816,0.770822748278291,0.772006035777393
556,0.9597975057721593,0.4353222316756047,0.6893743078031419
557,0.9684278641249237,0.753712627305662,0.735364852707677
558,0.9706837332648093,0.575975563072928,0.6713529962043419
559,0.9737533933071968,0.9904031900965885,0.7500044802385637
560,0.9762182042004018,0.575975563072928,0.6447350028494317
561,0.976786366515731,0.8107152397192465,0.6538639369469146
562,0.9770228402645357,0.8210024372126735,0.795238760873539
563,0.9793922338988774,0.9531126961860201,0.645140016415594
564,0.9798373344925563,0.6786459129587474,0.7368540840062652
565,0.9804231541742712,0.9947217365530301,0.8297330136235095
566,0.9815667216991668,0.575975563072928,0.6986878277294509
567,0.9835650407178869,0.19355636249308494,0.6922094027662785
568,0.9837055348713192,0.9797468706837276,0.7020820564653427
569,0.9840605041693203,0.9425277531443164,0.8067207162646997
570,0.9843153775687026,0.9982624029644954,0.699906452618789
571,0.9704955304819454,0.9976907439918687,0.8286989745629976
572,0.9783880133609355,0.9793438965882623,0.6692508682702336
573,0.979854069627067,0.8001892529841155,0.7616620609814231
574,0.980279578416769,0.9242960343393786,0.7362214743210647
575,0.9807773811880803,0.9850765303979581,0.791418013426379
576,0.9826242517381709,0.9742839622766039,0.7340763360967445
577,0.9827596173826403,0.974528091546076,0.435296394662423
578,0.9605594267550623,0.7803827419902584,0.683777593789314
579,0.9718505365342607,0.9986864131693485,0.7274832170263402
580,0.9739895971344771,0.9742839622766039,0.7640885581875464
581,0.9772707181977448,0.6528830029916155,0.7745131772776637
582,0.9823006608173772,0.9874186425769415,0.7513055415174748
583,0.983015637948501,0.7948897254265722,0.6707275549008433
584,0.9833996013169112,0.9975205831070322,0.7311749336028646
585,0.984514129784477,0.9268995078774409,0.7133220789740612
586,0.9848648028315488,0.49332459328788514,0.6167299276351867
587,0.9852218415279034,0.8311807221397551,0.7368720049605202
588,0.960266022058077,0.770822748278291,0.770790995078906
589,0.9787719092489645,0.9022116355005046,0.716046064020817
590,0.9818371155862,0.985042054218682,0.7847209528212958
591,0.9833701348838345,0.9995599817119049,0.718879366888528
592,0.9847132868825382,0.9530546038839403,0.7629667064511851
593,0.9860477114186207,0.713875576152996,0.7049637459095421
594,0.9861856413175716,0.6491895397856069,0.6641362279258646
595,0.9674636144660482,0.9951234266418185,0.8475518184392282
596,0.9714214737778212,0.9742839622766039,0.6917595868144787
597,0.9778655352636051,0.9742839622766039,0.7122844557226984
598,0.9800163374501314,0.9742839622766039,0.6767525797213649
599,0.9829150921806749,0.565923794803733,0.6637383827414043
600,0.9835743530104775,0.894859953271757,0.6655699042662624
601,0.9838812087967604,0.9178280607059157,0.6927147736762687
602,0.9841671231714447,0.9742839622766039,0.665881728870299
603,0.9846002797376705,0.9742839622766039,0.7730956297960954
604,0.9856208530212969,0.9486768851198026,0.755011594857403
605,0.9856788186686544,0.713875576152996,0.735343347562571
606,0.986181277586261,0.6214266274184626,0.7443952215567575
607,0.9866493440029713,0.6740448010329654,0.7728017261463138
608,0.9743329148200098,0.9799663158248423,0.692892191123393
609,0.9817773504620134,0.49332459328788514,0.6675770511428192
610,0.9846525095526352,0.9913597150705183,0.7698268477399884
611,0.984881268044535,0.9998891314234835,0.7423325197220101
612,0.9892213812217305,0.6214266274184626,0.669973082726709
613,0.9897769696927163,0.569134567499751,0.6787131321168589
614,0.9903294315727117,0.6512475384872001,0.6849496241975892
615,0.9909117422746098,0.9486768851198026,0.7260889667853034
616,0.9917966799922424,0.9400304801584968,0.707601710375874
617,0.9923528982801185,0.9947580007416038,0.7522356390433078
618,0.9926171739459329,0.8800700803644179,0.685738146184808
619,0.9929810956411588,0.9787249213695911,0.8655157829844123
620,0.5712932250642109,0.9168818797857748,0.6219144597011501
621,0.6281101089074868,0.9804759824751089,0.5827517983677595
622,0.7192476720280729,0.19355636249308494,0.6882470797805041
623,0.7202361021568394,0.9973870584127037,0.8277186983652506
624,0.7221760506459154,0.9998109510169453,0.8192850972928607
625,0.7469954022917147,0.9436315188838982,0.6836826127317628
626,0.7659348959180352,0.9956239972447857,0.7817227771744389
627,0.8180075040882989,0.9056227012380464,0.6424644179453267
628,0.8315598139574891,0.9971890333829736,0.7277197736225058
629,0.8490965029282211,0.9863893732247407,0.8440626086457852
630,0.8512938890711609,0.9406142831942726,0.7754146012766888
631,0.8552968027840426,0.4175164910857536,0.7261427296480683
632,0.8575629514353145,0.985042054218682,0.7291534499629035
633,0.858288298051666,1.0,0.6552008401343354
634,0.8716319360890612,0.9567424750608703,0.6460253115557897
635,0.8723111711116669,0.9436315188838982,0.8393314767224725
636,0.8800266754445146,0.9483011271658612,0.6698960226234126
638,0.9032233488596693,0.9804470383245993,0.7096321544929625
639,0.9354603014492582,0.9957388978422688,0.7359401153392615
640,0.9384536636740917,0.9405580509018647,0.7590384332784952
641,0.9428605374416469,0.9993568446555922,0.8111131421525933
642,0.9498647535708705,0.9954626084055637,0.5657143471575574
643,0.9578017735013811,0.998867602111531,0.6594534825790404
644,0.9588160936030263,0.9316727846984805,0.8225108690587557
645,0.9634160737278048,0.985042054218682,0.7620742429292875
646,0.9634356205448609,0.985042054218682,0.7957961025508686
647,0.9660123364033758,0.9841594736292629,0.6910176593083228
648,0.9719731708801641,0.9960220993149165,0.7745543954724501
649,0.9726036175872408,0.985042054218682,0.7557015515962194
650,0.9735137704739413,0.9100014400074881,0.5658451701236187
651,0.9767577548341483,0.9400304801584968,0.7404561958115146
652,0.9771709821944917,0.9845418556176492,0.7197162754522353
653,0.9780278705670507,0.8198283511074258,0.7592749898746609
654,0.8572515069831173,0.9814679076331196,0.8275520334906793
656,0.8587639672579792,0.626116599806319,0.5727859557065695
657,0.8791462139254944,0.7948897254265722,0.7476174091318015
658,0.8808155210994731,0.753712627305662,0.6861431597509704
659,0.881209426577364,0.8864142733542214,0.5963000397845184
660,0.8854197974751811,0.9844760712755707,0.7429651294072106
661,0.8877301682695282,0.934814269034199,0.6940050823826267
662,0.895678952279809,0.9530546038839403,0.7506980211682311
663,0.8983234634278603,0.9423943004503623,0.7730490353150324
664,0.9001544086080133,0.43827866304904783,0.651396221546005
665,0.9052616837443765,0.985042054218682,0.8985190123403691
666,0.9099868174826192,0.9436315188838982,0.7473862288219123
667,0.9103759093599922,0.9958157222417556,0.7562499327964216
668,0.9113884299848084,0.49332459328788514,0.6421059988602273
669,0.9125391729235601,0.9862422044594632,0.7291534499629035
670,0.9134746309531698,0.9985315763641971,0.6847094834105727
671,0.9141425742586728,0.9877601163526051,0.9011946108106365
672,0.9161919534324188,0.49332459328788514,0.7218900872033633
673,0.9186510509866914,0.985042054218682,0.7885076504553714
674,0.9244046982000688,0.5933362573485382,0.7022953158209768
675,0.9282143930884255,0.9863893732247407,0.7964179596635161
676,0.9282946722484638,0.9493694807212998,0.5744364755934523
677,0.9286070839194567,0.9655316087643656,0.6246384447479059
678,0.929701233311933,0.985042054218682,0.8410285910904184
679,0.9297502690555262,0.9036037627395662,0.7766798206470898
680,0.9301422850827464,0.8727790704511663,0.6603620749597674
681,0.9313605533895103,0.9863893732247407,0.8107063364910054
682,0.9314175068311514,0.9406142831942726,0.8095110088421988
683,0.9323806318170087,0.9406142831942726,0.837707838266972
684,0.9326526452331881,0.9168818797857748,0.6947452177933571
685,0.933125255328892,0.9957388978422688,0.7571101386006602
686,0.9368089193588303,0.9630525038730201,0.5719992258147761
687,0.9407667336836825,0.9949593497886189,0.6397171356580396
688,0.9436573682750345,0.992144891153434,0.7864288197617947
689,0.9441865044366327,0.49332459328788514,0.6453550678666538
690,0.9443051349465913,0.7728142666341865,0.7269061622993301
691,0.9446875687596966,0.981281498663793,0.5964667046590897
692,0.9446879961354435,0.49332459328788514,0.6141493102224707
693,0.9499739818143972,0.9172968539436405,0.7360117991562815
694,0.9526982772663589,0.8727790704511663,0.7654505507109243
695,0.7292348359099817,0.49332459328788514,0.48922771439733626
696,0.7673397024915961,0.49332459328788514,0.5872678788400125
697,0.7701909510338512,0.49332459328788514,0.6492026967451963
698,0.7703503172005287,0.49332459328788514,0.5606014989086139
699,0.7832836295339675,0.49332459328788514,0.5090124478948255
700,0.7883937838332572,0.49332459328788514,0.6670519671831485
701,0.806420942707222,0.49332459328788514,0.5611032856277531
702,0.8187324458223638,0.49332459328788514,0.5920473973398135
703,0.840986755715577,0.49332459328788514,0.7302537965541589
704,0.8563770062310934,0.9400304801584968,0.6659050261108304
705,0.8937045887963763,0.9400304801584968,0.6959638426826952
706,0.9217331049257395,0.9400304801584968,0.6198356290075734
707,0.9246771614854555,0.9400304801584968,0.787504077017093
708,0.9338407947965248,0.9400304801584968,0.6936233660569958
709,0.9395014540447583,0.9400304801584968,0.738544029992509
710,0.9417954271065002,0.9400304801584968,0.783658240233976
711,0.9502445556491134,0.565923794803733,0.7107683429927276
712,0.9565356616044234,0.9400304801584968,0.9876703834725792
713,0.9574258852852416,0.9400304801584968,0.4708300627591818
714,0.9624500020986398,0.49332459328788514,0.6246868313243943
715,0.8841621656127806,0.770822748278291,0.7246445378723526
716,0.9155141579912764,0.5933362573485382,0.6913581574391674
717,0.9442650291067627,0.575975563072928,0.6666881718117726
718,0.946203020664787,0.9541173414101753,0.6463389282552517
719,0.9543800008304586,0.565923794803733,0.803867700347308
720,0.960559224313919,0.9062635525704734,0.6764084973996696
721,0.9615780656010975,0.8107152397192465,0.7019386888313028
722,0.9657606345819049,0.5542385660405433,0.5971064827259922
723,0.9716499848416571,0.9984506119431821,0.808772665526894
724,0.9726866409494436,0.565923794803733,0.5250158600445156
725,0.9730221084173093,0.565923794803733,0.7631459159937348
726,0.9731372524409116,0.9732001766409185,0.7283989777887693
727,0.9732746200033533,0.9978837529955156,0.6681989082554668
728,0.9743877988632975,0.9847416446565522,0.7085837786690465
729,0.8034443156168991,0.565923794803733,0.7634111461167085
730,0.8091492195016682,0.565923794803733,0.6711934997114726
731,0.8126086237317793,0.565923794803733,0.7579488392597928
732,0.8397845702329734,0.565923794803733,0.6576130005770547
733,0.84500829401364,0.565923794803733,0.76179467604291
734,0.8474696409139488,0.565923794803733,0.7824880019211263
735,0.8525028900722549,0.565923794803733,0.7714361494320849
736,0.8774379030912448,0.9567424750608703,0.6460253115557897
737,0.9046896525538648,0.5542385660405433,0.6557205478077297
738,0.9206506971195729,0.5542385660405433,0.6914370096378892
739,0.9327507392138347,0.5542385660405433,0.6243965118654637
740,0.9362502942706952,0.5542385660405433,0.6869800683146776
741,0.9588191077267151,0.8107152397192465,0.6710805976996663
742,0.962520564083801,0.565923794803733,0.6960839130762035
743,0.9630959692933675,0.8107152397192465,0.6853080432826888
744,0.9710310997732075,0.970836536349989,0.6462636602473808
745,0.9051638821787148,0.5542385660405433,0.7322340619993333
746,0.9302519856889407,0.9468907838320759,0.7071321813743938
747,0.9535321098420451,0.9468826117895813,0.7343379820288671
748,0.9555363221473805,0.9025730053796279,0.7469077393433046
749,0.9701100375582306,0.9468907838320759,0.6411221384716294
750,0.9733131962878773,0.9970888208618685,0.4400060214406297
752,0.9755409261088478,0.9468907838320759,0.7081895176754371
753,0.9768915684298526,0.9646161120037824,0.7549882976168715
754,0.977044254038802,0.9732001766409185,0.7821313749314524
755,0.9777741218406867,0.770822748278291,0.7024279308824637
756,0.9805889534706127,0.713875576152996,0.6935713952896564
757,0.9815751567468032,0.9988509700250441,0.7226338068049447
758,0.9817243333759359,0.8676481797705348,0.18636358748830661
759,0.9832618288721828,0.9468907838320759,0.7101536542617821
760,0.9833863526687568,0.8806694474811269,0.7029189650290499
761,0.9834467925967544,0.9764989217943933,0.7350082257180031
762,0.9834523259880039,0.9720430706239672,0.7534793532686028
763,0.983538340980435,0.9969357480658899,0.6899459862438755
764,0.983729197991622,0.9051385467204429,0.7100174550094444
765,0.9842050246521578,0.9982515429080231,0.7891295075680189
766,0.929906688578896,0.8741646816563446,0.6713529962043419
767,0.9605694363449243,0.9579425413012148,0.7109833944437873
768,0.9679224135770886,0.9851069385560804,0.6649587997261679
769,0.9688433183378431,0.9268995078774409,0.72117504112859
770,0.9714530770896324,0.8741646816563446,0.5624061390020896
771,0.9733320683011225,0.997498454991966,0.7642767282072236
772,0.9745180135053435,0.19355636249308494,0.623989706203876
773,0.9746484530819932,0.9536627070460766,0.7970595298258442
774,0.9769388271900769,0.8872707178077326,0.6710429636957309
775,0.9778931347394715,0.9917830292717522,0.7453217348917396
776,0.978070428194059,0.8741646816563446,0.6439769464844465
777,0.9795857226449268,0.9677957445378715,0.6197890345265105
778,0.9804850786706527,0.9246762563165328,0.6617079386243159
779,0.9819042810588463,0.19355636249308494,0.7853661071744749
780,0.9831137319291475,0.979835911146738,0.7792837353003372
781,0.983736868261606,0.7803827419902584,0.6131457367841923
782,0.9843372187187158,0.9921161990042349,0.7330727626584661
783,0.9845476675338796,0.9942242379660374,0.74892743088784
784,0.9871712597637926,0.935606261152558,0.6372798858793634
786,0.987487787738032,0.9429458953186557,0.678962233381003
787,0.9875084817215667,0.7128206866675706,0.559574628229804
788,0.9877410865951888,0.4353222316756047,0.6776522116249646
789,0.9879032419509514,0.9622306435993467,0.7421282208435035
790,0.9635007391126141,0.19355636249308494,0.6804263753436344
791,0.9751130779992678,0.19355636249308494,0.7713698419013415
792,0.9758586912234072,0.19355636249308494,0.6942685204101748
793,0.976362589722477,0.9732001766409185,0.7795471733278854
794,0.9765073576333785,0.9616739367044709,0.6834675612807031
795,0.9800167873193387,0.6786459129587474,0.6981448228155253
796,0.9807070216440623,0.6491895397856069,0.6361562420475766
797,0.9825586158208294,0.8806694474811269,0.7066232262735526
798,0.9831760838012761,0.9178280607059157,0.7590581463281757
799,0.9837948564024238,0.19355636249308494,0.7700687806224306
800,0.9845019833158807,0.19355636249308494,0.7906366598208622
801,0.9856556279110192,0.0,0.6994046658996498
802,0.9862555060054615,0.873088768061594,0.6747705221807652
803,0.9863127968490081,0.9807758880346178,0.753079715988717
804,0.9865554562994128,0.985042054218682,0.7831313641788797
805,0.8478207188433071,0.19355636249308494,0.7244814571886324
806,0.8825133499811932,0.19355636249308494,0.7316731361311527
807,0.8825597539899237,0.19355636249308494,0.8169446206671613
808,0.9678534486276132,0.7679104411342939,0.4123360680709527
809,0.9762974711547239,0.7948897254265722,0.7474991308337187
810,0.976377795301683,0.9798624192845803,0.7511532134063075
811,0.979146065468656,0.7948897254265722,0.6820912319939212
812,0.9792939824640083,0.758735289423505,0.6805285247828876
813,0.9833924259030551,0.8711542620021624,0.7300118636717168
814,0.9836092628609621,0.995918250774904,0.726304018236363
815,0.9853867635792908,0.894859953271757,0.6108016759676419
816,0.9854887939155009,0.7872725658173423,0.6905732196427996
817,0.9399269853279207,0.713875576152996,0.7651727759199722
818,0.9691632878115182,0.8959779150851584,0.6960158134500346
819,0.9796828943936985,0.19355636249308494,0.6824639878424246
820,0.9810996449947125,0.9284572479776895,0.6075131808618546
821,0.9812382946843949,0.9467510431054241,0.7916832435493525
822,0.9819003896902034,0.985042054218682,0.767511460450246
823,0.9827810536503669,0.9979082691229995,0.7565527969233306
824,0.9855617627009211,0.97398283271073,0.6611703099966667
825,0.9867487650977793,0.9662255483728516,0.6010795582843196
826,0.9871903117247207,0.868950546542842,0.7316623835585998
827,0.988011660429905,0.9089326184496159,0.6963903613939635
828,0.9881326977401226,0.6600327721704153,0.5428239122876815
829,0.9887853229991178,0.9789588865862102,0.6729891793278209
830,0.9773454189796129,0.9992320920068785,0.7959394701849084
831,0.9786396477020254,0.713875576152996,0.7461228015469368
832,0.9788564171795513,0.9413224188765782,0.6698422597606477
833,0.9789351217973642,0.9970596607102357,0.4153933828668509
834,0.9801989168679044,0.713875576152996,0.760194334827941
835,0.9843868392922783,0.9212283863876092,0.7388200126880355
836,0.9870391331776156,0.9428227746784283,0.8221560341645072
837,0.9880919395899433,0.873088768061594,0.7167055551374
838,0.9886551083570718,0.565923794803733,0.7455332021519482
839,0.9890013726859122,0.8356931656044612,0.6943975512808106
840,0.9892789644802619,0.9600026040135409,0.6995964201101781
841,0.9903071180600308,0.9268995078774409,0.6996663118317724
842,0.9904923966930474,0.9893598806713795,0.7742443629638391
843,0.9913530639669476,0.8993920168384876,0.6588585068977753
844,0.9746206511649835,0.713875576152996,0.6431884244972277
845,0.9794435189885069,0.9923985124722648,0.6535037257663896
846,0.9826460703947237,0.8806694474811269,0.707067665939076
847,0.9829639254831246,0.8001892529841155,0.7412500940850099
848,0.9870511221919895,0.9536385149202776,0.7464400024372497
849,0.9870666876665612,0.9958297503147017,0.7796708279122446
850,0.98758720883284,0.9926983820315866,0.45579975842553666
851,0.9895335679581196,0.8311807221397551,0.586909459754913
852,0.8885791164505787,0.8806694474811269,0.7129098970261969
853,0.898799897411826,0.8806694474811269,0.6922559972473414
854,0.9085099868489734,0.8806694474811269,0.7223972502087791
855,0.9193193092006395,0.9398193750607503,0.6976932147682999
856,0.9583188306747638,0.8806694474811269,0.7283487991168553
857,0.9624206931197858,0.8806694474811269,0.7174940771246188
858,0.9625477811708413,0.8806694474811269,0.6912452554273609
859,0.9690870799678055,0.9951089785666886,0.7287430601104647
860,0.9762187215499901,0.9429458953186557,0.7605294566725089
861,0.9779817814667653,0.8806694474811269,0.7059511904889911
862,0.97901461368629,0.9997535907186718,0.7673465876711003
863,0.9833774002715321,0.8806694474811269,0.6701487080784078
864,0.9847589261136164,0.8806694474811269,0.8016150363974581
865,0.925878964579233,0.9429458953186557,0.6694928011526757
866,0.9379130558477081,0.9429458953186557,0.6817650706264807
867,0.9405328016958989,0.9429458953186557,0.7602660186449608
868,0.9523917588819815,0.9418678457127977,0.7363110790923395
869,0.9582329731365551,0.9536385149202776,0.6863367060569241
870,0.9586730351951126,0.9429458953186557,0.682562553090827
871,0.9691422114391572,0.9429458953186557,0.8170593147743931
872,0.970616635272544,0.9429458953186557,0.7313899850539242
873,0.9710432462418039,0.9712985027522143,0.7311355075035035
874,0.9765117438581494,0.9849916419565382,0.8041598119016642
875,0.978290909092545,0.9429458953186557,0.7730741246509893
876,0.9819754953543581,0.9429458953186557,0.7047737837944394
878,0.984444939900398,0.7366940188088977,0.6762364562388218
879,0.9847963552316618,0.770822748278291,0.7668860191467475
880,0.9851953667250551,0.9536385149202776,0.7961168876320326
881,0.9868367595147225,0.9984465199219036,0.6733493905083459
882,0.9871861729280138,0.9541173414101753,0.6463389282552517
883,0.9897285637660135,0.78488426539818,0.3606269466636559
884,0.9898312464125743,0.9951089785666886,0.740868377759379
885,0.9740611488318943,0.963951416547366,0.6685340301000348
886,0.9774610128724225,0.9982317428050625,0.7372178793776412
887,0.9780616107575963,0.9418678457127977,0.7604595649509145
888,0.9791810203060614,0.9632043646626962,0.6931932631548765
889,0.9793497887391709,0.9632043646626962,0.4883442113525661
890,0.9831647695907131,0.49332459328788514,0.5421178266900356
891,0.9855304293106344,0.770822748278291,0.6199897492141662
892,0.9858452477818861,0.770822748278291,0.7284473643652577
893,0.9859537337412208,0.9517848412811747,0.7317591567115767
894,0.9859875863990682,0.32413070947968925,0.6588656752794773
895,0.988418747075569,0.9218889658226223,0.8169016103769493
896,0.9904689810008087,0.6740448010329654,0.7066411472278076
897,0.9911399384300006,0.9089326184496159,0.6973598850191576
898,0.9921070672518025,0.9530546038839403,0.7308003856589356
899,0.9926498119569207,0.9530546038839403,0.7180980132830113
900,0.9657645934309289,0.6491895397856069,0.6695841980193762
901,0.9803456642033178,0.9293958328583308,0.6919835987426659
902,0.9824127457303701,0.6126968340235369,0.6754138844385186
903,0.9828587235690032,0.9608989966747827,0.6411024254219488
904,0.9837498919751566,0.9798624192845803,0.7261714031748763
905,0.9842170136665317,0.9740370369925924,0.5887732389974301
906,0.9864903602251199,0.9062635525704734,0.7279670827912245
907,0.9876953348968088,0.9798624192845803,0.7218721662491084
908,0.9892818661366488,0.8107152397192465,0.608509585918431
909,0.9899959210358976,0.8959982671909894,0.8134303215377612
910,0.9904120950395486,0.9961120517826693,0.7020999774195976
911,0.9905023163090679,0.9996012619265621,0.7190980025304388
912,0.9911775025088081,0.6600354841845177,0.6203123263907557
913,0.9601148884978926,0.8959779150851584,0.6969261979261872
914,0.9788326415919467,0.9849916419565382,0.5995813665086038
915,0.9818669194211821,0.9714495355375848,0.7354956756737383
916,0.9842510912589828,0.7872725658173423,0.7209384845324244
917,0.9873764900961519,0.6786459129587474,0.7068723275376967
918,0.9889307432203698,0.9666220304345583,0.7403558384676867
919,0.9895186323004381,0.9851069385560804,0.7626064952706602
920,0.9901155412581123,0.9813909632330088,0.7520205875922481
921,0.990613861379012,0.9979229211991902,0.6776611721020921
922,0.9907441659948995,0.49332459328788514,0.6772095640548668
923,0.9907819100213899,0.9284572479776895,0.6566685662878177
924,0.9910785762701281,0.9980603819139859,0.6348211309555811
925,0.9918506418036552,0.9089326184496159,0.680965796066709
926,0.9745618982465133,0.7728142666341865,0.7685454995107579
927,0.9899147196439843,0.9992537041192614,0.6770715727071035
928,0.9902583972248828,0.9821478911690341,0.752074350455013
929,0.9905320976505896,0.9948036849791619,0.7713662577104905
930,0.9910179114075269,0.965022062114723,0.6740572682014172
931,0.991266959000675,0.7803827419902584,0.6735178474783425
932,0.9914341079046384,0.7770258805345788,0.7713752181876181
933,0.9916350869729889,0.9736178268126994,0.6310881961842705
934,0.9923819148439879,0.770822748278291,0.714716329215098
935,0.9926815727229544,0.9652840714771717,0.693790030931567
936,0.8381086274881873,0.9951089785666886,0.703773794547012
937,0.9715644422118935,0.9509409608929966,0.7827496478532489
938,0.9726719077329052,0.5542385660405433,0.6124629484270778
939,0.9840044279726334,0.7948897254265722,0.7315727787873249
940,0.9840944468010093,0.770822748278291,0.6916520610889489
941,0.9881676750709882,0.985042054218682,0.6364429773156561
942,0.9885325864784702,0.9885243643266945,0.7489865700368814
943,0.9907742397514059,0.49332459328788514,0.5846102013240001
944,0.991337633453138,0.9487853896840264,0.7198327616548925
945,0.9941325583706421,0.9894769772802818,0.7306444733569173
946,0.9948432617442968,0.5542385660405433,0.6180435335820762
947,0.9951507923343906,0.926043759427549,0.6199789966416132
948,0.9951697543214774,0.90712897307066,0.6894567441927149
949,0.9951956892812768,0.49332459328788514,0.640028960262076
950,0.97573212052194,0.6740448010329654,0.6054755683630642
951,0.9789611242375448,0.49332459328788514,0.5954147446443228
952,0.9873761526942464,0.9736178268126994,0.7544578373709243
953,0.989018737637313,0.9418678457127977,0.7602731870266628
954,0.9929697139502147,0.9994946893723847,0.7530779238932914
955,0.9931463101075308,0.9961120517826693,0.607882352519507
956,0.9933287545645417,0.6740448010329654,0.6803403547632104
957,0.9934755468868759,0.9268995078774409,0.6648602344777654
958,0.9935594924809535,0.8827144021148909,0.8535517539237929
959,0.9938513226357135,0.9646161120037824,0.790426984656079
960,0.994068317047843,0.9996221660352634,0.7126285380443937
961,0.9944208345586646,0.49332459328788514,0.600814328161346
962,0.9951222256397286,0.9089326184496159,0.6449249649645344
963,0.9954062730572028,0.9986438609480769,0.7179833191757794
964,0.9956073196059344,0.9207524039125004,0.7434525793629458
965,0.9960478765206198,0.5960920836788351,0.7859987168596754
966,0.968779324443108,0.49332459328788514,0.6794926936269503
967,0.9711332425767194,0.49332459328788514,0.6796199324021606
968,0.9785788253852017,0.49332459328788514,0.704368770228277
969,0.9789439392338268,0.49332459328788514,0.5261914746436418
970,0.9797889510593137,0.9088446579922216,0.7789737027917263
971,0.9802603015212372,0.49332459328788514,0.71189377891994
972,0.9874042020393201,0.8959982671909894,0.5441859048110593
973,0.9898801471954052,0.9218889658226223,0.8474532531908259
974,0.9904779558914939,0.9799663158248423,0.7023687917334223
975,0.9922190172040332,0.9983663955052566,0.7795435891370344
976,0.9924841476213413,0.9425277531443164,0.7753357490779669
977,0.9410612855471464,0.49332459328788514,0.6288122349938889
978,0.9570501095364039,0.49332459328788514,0.5347433540141145
979,0.960236780559604,0.49332459328788514,0.6346508818901588
980,0.9641784220864547,0.9636031867365711,0.7941957613358996
981,0.9645483720290582,0.9799663158248423,0.7815794095403992
982,0.9662854070121923,0.9798624192845803,0.7297215442127862
983,0.969447627643977,0.8741646816563446,0.7191607258703312
984,0.9730109741544292,0.49332459328788514,0.6596631577438236
985,0.9819418901245747,0.770822748278291,0.7766439787385799
986,0.9853360408261704,0.9595897658667825,0.6233660569958028
987,0.9883257141235043,0.6512475384872001,0.7713286237065551
988,0.9890887147925048,0.9787028052545873,0.7342788428798257
989,0.9907331217058608,0.9268995078774409,0.6549374021067873
990,0.9908363441954703,0.9536627070460766,0.6389196531936933
991,0.9913208308382463,0.6512475384872001,0.6943867987082576
992,0.9932323700868828,0.985042054218682,0.6948885854273968
993,0.9073741795679033,0.8308133882296188,0.6766092120873253
994,0.9679516550755616,0.9509409608929966,0.7140657985756426
995,0.9801854432851465,0.9732001766409185,0.7040623219105171
996,0.9803931478981458,0.770822748278291,0.7517015946065096
997,0.9822224060687716,0.7296215420320186,0.6956054235975957
998,0.985439578224225,0.9796493821767873,0.7245441805285248
999,0.9860091801210176,0.770822748278291,0.7311928545571195
1000,0.9868397061580302,0.770822748278291,0.7193291828403279
1001,0.988497271745699,0.770822748278291,0.7374275545424243
1002,0.988907012619686,0.9989503185416564,0.8640390963538027
1003,0.9898104624551981,0.9062635525704734,0.6010867266660216
1004,0.9898174579213712,0.7296215420320186,0.6140543291649194
1005,0.9899876659359441,0.9346667642671742,0.5787536334734752
1006,0.7536243600216891,0.9982515429080231,0.7893571036870571
1007,0.9538156848968515,0.770822748278291,0.7895811156152442
1008,0.9539577310990489,0.770822748278291,0.8095450586552833
1009,0.9601755533604938,0.770822748278291,0.6944548983344265
1010,0.9639705150323121,0.770822748278291,0.7261875320337057
1011,0.9726004010224087,0.770822748278291,0.7323845980150752
1012,0.9763290069861539,0.9924733928616429,0.7198112565097866
1013,0.9783748096997019,0.770822748278291,0.7437644039669824
1014,0.979276527538766,0.9517848412811747,0.8188066078142529
1015,0.9844323435625943,0.9261250358501865,0.6704694931595718
1016,0.9858968702734211,0.988749977499883,0.7010784830270642
1017,0.9875955089197143,0.565923794803733,0.7617391210847195
1018,0.9882118747206031,0.9218889658226223,0.6908026078572631
1019,0.9894790438101978,0.9341942618101614,0.7725221592599363
1020,0.9895664983840923,0.9400304801584968,0.5793934115403777
1021,0.9898567315031664,0.7803827419902584,0.5133009322480404
1022,0.9900659206845498,0.9568465036018188,0.606837560886442
1023,0.9901501362001518,0.565923794803733,0.6765733701788152
1024,0.9904792830056554,0.4175164910857536,0.6768959473554048
1025,0.9906272224944681,0.9207524039125004,0.6588674673749028
1026,0.9912434308411344,0.8959982671909894,0.7615796245918502
1027,0.9920899722219261,0.5960920836788351,0.7406479500220428
1028,0.9927938375836302,0.9088446579922216,0.7677766905732196
1029,0.9930500380971738,0.9972796218540336,0.6480324584323466
1030,0.9038747819652653,0.770822748278291,0.9278466539786311
1031,0.943612628782371,0.770822748278291,0.9991935570585263
1032,0.9445616053816593,0.770822748278291,0.8092995415819901
1033,0.9619629287079221,0.9782349948219731,0.7139708175180912
1034,0.9682841759001197,0.8245612477184882,0.7138131131206474
1035,0.9791184434993292,0.9178280607059157,0.767265943376953
1036,0.980781632452089,0.9954542323620083,0.7342680903072727
1037,0.9875614088338027,0.9218889658226223,0.7854431672777712
1038,0.9897153151178593,0.7803827419902584,0.5894004723963542
1039,0.9905229877991422,0.9985839926367617,0.7048060415120985
1040,0.9905940221469711,0.9178280607059157,0.6912040372325745
1041,0.9917700477351717,0.9968333875336152,0.7661422995451662
1042,0.9919136684795946,0.9178280607059157,0.7700150177596656
1043,0.8912346943811291,0.9178280607059157,0.7390296878528189
1044,0.9040049291269303,0.9178280607059157,0.783651071852274
1045,0.929536828610134,0.9178280607059157,0.6905355856388641
1046,0.9339516425691976,0.9178280607059157,0.7210227130174227
1047,0.9450269500896656,0.9178280607059157,0.6992774271244395
1048,0.9557181817744218,0.9178280607059157,0.9679806310326412
1049,0.9566737714510571,0.9178280607059157,0.5892284312355065
1050,0.9605204006013311,0.9178280607059157,0.709918889761042
1051,0.9751508670126791,0.9951234266418185,0.8475518184392282
1052,0.9807509513721528,0.9957489778946851,0.6514284792636638
1053,0.9835422548425383,0.9178280607059157,0.8163926552761082
1054,0.9895935130299892,0.565923794803733,0.7476030723683975
1055,0.9910963461038155,0.9847430126636658,0.6484249273305305
1056,0.9926872635684264,0.970836536349989,0.500028673526808
1057,0.9933753610144155,0.7803827419902584,0.6765429045565818
1058,0.9934187508994572,0.5764625376051955,0.7186159288609799
1059,0.9942124101549336,0.9268995078774409,0.5344745397002899
1060,0.9942531907985732,0.5960920836788351,0.6395486786880428
1061,0.9950761365394432,0.9552765234379219,0.6042085568972377
1062,0.9707872031824828,0.6600354841845177,0.549933154840629
1063,0.972110111066859,0.9996903983900717,0.7562033383153586
1064,0.9842798379013278,0.985042054218682,0.7309168718615928
1065,0.9851096891345295,0.7728142666341865,0.7437464830127274
1066,0.9897170246208469,0.9062635525704734,0.7000086020580424
1067,0.9906151435062527,0.8581961986202329,0.6508603850137813
1068,0.9906278298178979,0.8800700803644179,0.6962039834697118
1069,0.9909772882181099,0.9425277531443164,0.7774378770120751
1070,0.9916819183574663,0.9531126961860201,0.5310444690558883
1071,0.9917273551474012,0.934814269034199,0.729583552865023
1072,0.9942740872232512,0.9467510431054241,0.7001752669326136
1073,0.9943607095391122,0.8698528312347225,0.7118059662440905
1074,0.9948880237304207,0.32413070947968925,0.6858564244828909
1075,0.9952974047090419,0.8959982671909894,0.684433500715046
1076,0.9955380847349345,0.985042054218682,0.7735508220341717
1077,0.9955393443687149,0.8297674147905569,0.7288505858359946
1078,0.9956415321591477,0.9807758880346178,0.7772586674695254
1079,0.9960257654490822,0.9975514712676506,0.7333362006860141
1080,0.9962893213241648,0.713875576152996,0.7116213804152643
1081,0.9966410965507944,0.8065226939180083,0.7453790819453554
1082,0.9967158423195832,0.6528830029916155,0.6840069820037777
1083,0.9967904306341496,0.6126968340235369,0.6318820944577657
1084,0.9969275732619877,0.565923794803733,0.705976279824948
1085,0.9391011154372033,0.9244727352582234,0.7082414884427766
1086,0.9430686469369328,0.9798624192845803,0.7882621333820783
1087,0.9628516678203562,0.9509409608929966,0.7515851084038523
1088,0.9786754572909245,0.7803827419902584,0.6571793134840844
1089,0.9793196250088231,0.9296674902709494,0.7368737970559456
1090,0.980100462991892,0.8308133882296188,0.631998580660423
1091,0.9831606982743872,0.9964525775534033,0.7997154152464311
1092,0.9892367892420797,0.9666220304345583,0.6808475177686262
1093,0.9902428992306922,0.985042054218682,0.7071716074737547
1094,0.992399482236532,0.9595897658667825,0.7938480948233532
1095,0.993312019430031,0.9975725433772256,0.7231122962835526
1096,0.9944481191260859,0.9947580007416038,0.7799665236574517
1097,0.9950391572906051,0.9958297503147017,0.757891492206177
1098,0.9953113731479278,0.565923794803733,0.6840768737253722
1099,0.9959482529846685,0.9980725379771975,0.6366096421902274
1100,0.9285367018819783,0.9088446579922216,0.6874334684573284
1101,0.9580081734936793,0.9178280607059157,0.6884137446550753
1102,0.9776155879320426,0.9995780538058798,0.7314240348670086
1103,0.9789151700980215,0.9796493821767873,0.7923051006620001
1104,0.9866408414749538,0.8581961986202329,0.6335272380583721
1105,0.9869819772948312,0.9596182300147961,0.653880065805744
1106,0.9898361274934732,0.9986160928036826,0.7258631627616907
1107,0.9899410144991496,0.9686999012394865,0.7649003774152966
1108,0.9911904587419776,0.565923794803733,0.7350082257180031
1109,0.9930197169126034,0.565923794803733,0.7098758794708301
1110,0.9935267869895846,0.9089326184496159,0.7259276781970087
1111,0.9946606373396031,0.7276722158955227,0.7480080859345599
1112,0.9950998221532062,0.9663590010668055,0.750502682766852
1113,0.9958187581333541,0.9624987849936819,0.725655279692333
1114,0.950526106292487,0.9799663158248423,0.7074816399823658
1115,0.9777865832177282,0.6452585593445086,0.9129973512829611
1116,0.9807956458778957,0.9868393635646905,0.7277681601989943
1117,0.9867677270848659,0.7948897254265722,0.6940803503904975
1118,0.9875986355107048,0.9028634428899031,0.6493944509557246
1119,0.9942362532229192,0.9268995078774409,0.6961000419350329
1120,0.9942388174774007,0.565923794803733,0.6915678326039505
1121,0.9957693624943952,0.5933362573485382,0.7120694042716387
1122,0.9958482245664306,0.934814269034199,0.7302681333175629
1123,0.9960768480975684,0.565923794803733,0.6050203761249879
1124,0.9964328520947462,0.8741646816563446,0.685428113676197
1125,0.9968959699501765,0.8581961986202329,0.7265728325501877
1126,0.9972276585167011,0.6452585593445086,0.8355680763289284
1127,0.9972991877206581,0.924067781152462,0.6492439149399827
1128,0.9982721648421546,0.7501029845355196,0.6596488209804195
1129,0.8613009596654917,0.7770258805345788,0.7357250638882019
1130,0.8854888973854187,0.7770258805345788,0.7108740766228321
1131,0.9160713659914085,0.7770258805345788,0.7432034780988018
1132,0.9199631845035534,0.7770258805345788,0.6151528836607492
1133,0.9208346486384281,0.7770258805345788,0.7318541377691279
1134,0.9256920664170702,0.7770258805345788,0.7195012240011756
1135,0.9263256172216771,0.7770258805345788,0.656752794772816
1136,0.9334095051875093,0.7770258805345788,0.9789715522772157
1137,0.9365612663602247,0.7770258805345788,0.7641602420045662
1138,0.9447942552422022,0.7770258805345788,0.9789715522772157
1139,0.9574095100460968,0.7770258805345788,0.6678404891703673
1140,0.9619445065638842,0.9089326184496159,0.6885087257126268
1142,0.988641454826631,0.9868393635646905,0.7405762662050228
1143,0.9898051315050919,0.9974314106433353,0.8406701720053189
1144,0.9904261984391968,0.911753497118185,0.6367315046791612
1145,0.9905030136063392,0.911753497118185,0.6835715028153819
1146,0.9905509696638348,0.9798624192845803,0.7869288143855084
1147,0.9910557004209382,0.9089326184496159,0.6980283366128679
1148,0.9914330507120013,0.9799663158248423,0.7426049182266857
1149,0.8935587861862981,0.9332858570864568,0.6495826209754016
1150,0.9445297546417842,0.9600026040135409,0.700958412633556
1151,0.9474794570600517,0.575975563072928,0.6276402045856138
1152,0.950329423475066,0.9600026040135409,0.770420031325828
1153,0.9690308463168961,0.9509409608929966,0.7660706157281463
1154,0.977119067287972,0.9600026040135409,0.7495116539965521
1155,0.9784495104815701,0.5960920836788351,0.7406479500220428
1156,0.9784925629647064,0.565923794803733,0.6791306903509998
1157,0.9810490572023542,0.934814269034199,0.7219671473066598
1158,0.9817570613607652,0.565923794803733,0.7251158589692583
1159,0.9845742772974899,0.753712627305662,0.6862488933810748
1160,0.9867542535021081,0.9407831720724947,0.7536944047196625
1161,0.9868227685823762,0.8120970109044567,0.685773988093318
1162,0.9894402650845306,0.9847416446565522,0.8524030207560492
1163,0.9895135262849355,0.9955212047102645,0.6989960681426365
1164,0.9913676397292633,0.575975563072928,0.40700637627552394
1165,0.9918645877490808,0.7872725658173423,0.7125048834600345
1166,0.9932995355595291,0.985042054218682,0.6942523915513453
1167,0.9940469932474182,0.9200051720268946,0.7142790579312768
1168,0.99416395924131,0.9904623624042845,0.7670508919258933
1169,0.9945293205179992,0.894859953271757,0.6914459701150166
1170,0.9948021661922121,0.8220745707877681,0.704736149790504
1171,0.954605025407938,0.8741646816563446,0.6817130998591413
1172,0.9570586345578818,0.32413070947968925,0.7868392096142336
1173,0.9576725935585118,0.8741646816563446,0.753732038723598
1174,0.9710119353449774,0.9418678457127977,0.7570044049705559
1175,0.981322015343869,0.844281958266183,0.6283480822786851
1176,0.9875488349894593,0.8597422026594539,0.7349634233323656
1177,0.9884872621558372,0.9418678457127977,0.7061232316498389
1178,0.9895649688287875,0.565923794803733,0.7761188947789092
1179,0.9926936742046302,0.9850208621084829,0.638118586538496
1180,0.9945925496350818,0.9228477828084706,0.5463274588445286
1181,0.9950221522345701,0.9921161990042349,0.7172091339519646
1182,0.9352225455732128,0.565923794803733,0.7973014627082863
1183,0.9638306956826906,0.565923794803733,0.7850793719063953
1184,0.9731738043140028,0.957347170205285,0.669014311674068
1185,0.9732737427583992,0.565923794803733,0.7378038945817786
1186,0.9821069921236449,0.854371886733811,0.6895606857273936
1187,0.98342612110668,0.9509409608929966,0.7368845496284986
1188,0.9835029362738225,0.565923794803733,0.7387393683938883
1189,0.9867120782639259,0.32413070947968925,0.6869711078375501
1190,0.990254145960874,0.992324808089002,0.6936394949158253
1191,0.9903916934709988,0.9413235468824438,0.7532696781038197
1192,0.9927180346222041,0.7872725658173423,0.5688540983430286
1193,0.9950148868468726,0.9904031900965885,0.7425350265050914
1194,0.9967601994234206,0.924067781152462,0.6492439149399827
1195,0.9969062044746421,0.7948897254265722,0.6916305559438429
1196,0.9973699296535022,0.4353222316756047,0.6198392131984244
1197,0.8569187837174159,0.32413070947968925,0.7149797672426461
1198,0.8711424783915448,0.32413070947968925,0.7082486568244786
1199,0.8773626849597882,0.32413070947968925,0.6275792733411469
1200,0.8850966564235947,0.32413070947968925,0.5707089171084182
1201,0.9060008863323121,0.32413070947968925,0.7812532481729587
1202,0.9071279886442215,0.32413070947968925,0.6541417117378666
1203,0.907559278253237,0.32413070947968925,0.6544911703458386
1204,0.917993657114099,0.32413070947968925,0.7314240348670086
1205,0.9316080264404328,0.32413070947968925,0.6332476711719945
1206,0.9388476366323637,0.32413070947968925,0.5680136055884704
1207,0.9680935213300761,0.9686999012394865,0.7647982279760432
1208,0.9761423787455155,0.6528830029916155,0.7651369340114622
1209,0.976189277610374,0.9789588865862102,0.7069296745913126
1210,0.9836725144715052,0.9796493821767873,0.7923051006620001
1211,0.9870120060644169,0.9088446579922216,0.803304982383702
1212,0.9884941001677877,0.7803827419902584,0.6776611721020921
1213,0.991242913491546,0.32413070947968925,0.6974226083590499
1214,0.993193433906993,0.873088768061594,0.7250674723927699
1215,0.9945092563513547,0.985042054218682,0.7550814865789973
1216,0.9949120242526289,0.9541173414101753,0.8174016050006631
1217,0.9949404109996081,0.9268995078774409,0.5750780457557805
1218,0.9958081412200623,0.9780197137025113,0.6874585577932854
1219,0.964577793475214,0.9933479814095033,0.8006222155317326
1220,0.9660146757232536,0.7872725658173423,0.7851098375286287
1221,0.9833920435142289,0.9759279228251987,0.7505008906714264
1222,0.9881804063695542,0.8581961986202329,0.6035831155937391
1223,0.9940487252438662,0.734416610966377,0.7124815862195031
1224,0.994308952086815,0.9395269455401168,0.6241187370745118
1225,0.9950744270364555,0.6439035842986384,0.7331211492349545
1226,0.9951199538002319,0.873088768061594,0.7339096712221733
1227,0.9956973384343103,0.8830843280385058,0.7202718250341393
1228,0.9972256790921892,0.9413224188765782,0.6717329204345472
1229,0.9991438089247123,0.6512475384872001,0.7927136984190134
1230,0.9350169103585669,0.9088446579922216,0.841553675050089
1231,0.9582236833374249,0.9088446579922216,0.6739103163765264
1232,0.9845741648301881,0.9088446579922216,0.8547685867177055
1233,0.9853869435269736,0.8581961986202329,0.6734425794704717
1234,0.9854690671507619,0.9832937051272667,0.7314240348670086
1235,0.9887881571751237,0.9089326184496159,0.6680537485260015
1236,0.9900430223418994,0.911753497118185,0.6835715028153819
1237,0.9901039796194854,0.9088446579922216,0.8283638527184296
1238,0.9906119944218018,0.7865441380295177,0.6900391752060013
1239,0.9946934552982739,0.9934100577323002,0.7356049934946935
1240,0.9950939063731306,0.9541173414101753,0.6570664114722781
1241,0.9603459863096703,0.9541173414101753,0.7406569104991703
1242,0.9749179022436911,0.9798624192845803,0.7317036017533862
1243,0.9749277318858701,0.9875174390906832,0.7532392124815862
1244,0.9920878803301122,0.7948897254265722,0.7067020784722745
1245,0.9953340015690538,0.9714495355375848,0.7112772980935689
1246,0.9958692109649501,0.781706852875635,0.6778762235531517
1247,0.9966591138125457,0.9736178268126994,0.767857334867367
1248,0.998068216637036,0.9404960945796919,0.4621796181403067
1249,0.9984608399876862,0.9418678457127977,0.7570044049705559
1250,0.9990526204363974,0.9891583276233037,0.6779676204198521
1251,1.0,0.952158259222948,0.7690383257527696
1252,0.9473265240230382,0.4175164910857536,0.6598602882406283
1253,0.9713654650615153,0.755991331154922,0.6890015519546384
1254,0.9876741910440668,0.90712897307066,0.7192628753095844
1255,0.9889652706820282,0.565923794803733,0.7661225864954857
1256,0.9915095959576192,0.575975563072928,0.6751522385063959
1257,0.9937752497527631,0.985042054218682,0.8214194829446279
1258,0.9943872743158018,0.9062635525704734,0.7260280355408365
1259,0.9970994457926274,0.6740448010329654,0.7052468969867707
1260,0.9975511819571137,0.947001784409279,0.7570259101156618
1261,0.9109222080318479,0.6740448010329654,0.6784084758945244
1262,0.9119230095638144,0.6740448010329654,0.7226750249997311
1263,0.9409325104865637,0.6740448010329654,0.6619731687472894
1264,0.9462402698351495,0.575975563072928,0.7111608118909116
1265,0.9577300418562809,0.575975563072928,0.6058823740246521
1266,0.9586158343254074,0.6740448010329654,0.7560366734407874
1267,0.9590836533140538,0.9933220972749058,0.7563574585219514
1268,0.9617069081420613,0.9892468400835684,0.7666261653100505
1269,0.9619486453605911,0.575975563072928,0.623946695913664
1270,0.9636672132127666,0.90712897307066,0.6587796546990534
1271,0.9650452075815737,0.575975563072928,0.5464314003792075
1272,0.9719300959035675,0.575975563072928,0.6110185195141271
1273,0.9745552851691663,0.575975563072928,0.41608692379651835
1274,0.9787681978280045,0.9796493821767873,0.7899305742232162
1275,0.9826681139858803,0.565923794803733,0.7018544603463045
1276,0.983681534349111,0.970836536349989,0.506815338903166
1277,0.9906143787286004,0.8872707178077326,0.6950570423973936
1278,0.9911031841157661,0.90712897307066,0.6868241560126593
1279,0.8676885175788417,0.575975563072928,0.7030856299036211
1280,0.8885225453977638,0.575975563072928,0.7131930481034254
1281,0.9237739365845471,0.6512475384872001,0.7138131131206474
1282,0.9248994868476913,0.6512475384872001,0.7374687727372107
1283,0.9443209928361478,0.6512475384872001,0.7276731791414429
1284,0.9647007877164833,0.6512475384872001,0.7985433848381559
1285,0.9679653086060024,0.8581961986202329,0.6771934351960374
1286,0.9762682521497112,0.8581961986202329,0.7040067669523267
1287,0.9796101280494216,0.9092822162675246,0.7380852535635818
1288,0.9799186033648507,0.8581961986202329,0.6975301340845798
1289,0.9804601334231092,0.6512475384872001,0.7194295401841557
1290,0.9841911461871133,0.9088446579922216,0.8096203266631542
1291,0.9867381031975668,0.6528830029916155,0.6489822690078602
1292,0.9881840728035934,0.9897255585729046,0.7614362569578105
1293,0.9885666865643817,0.565923794803733,0.6180274047232467
1294,0.9906627171749222,0.9025730053796279,0.7681028519406601
1295,0.9914134814014848,0.9434080057216297,0.6725232345171916
1296,0.9923486245226494,0.565923794803733,0.7685526678924599
1297,0.9941027095487394,0.565923794803733,0.6455127722640975
1298,0.8906045175955768,0.8581961986202329,0.6260201503209644
1299,0.9055684945437388,0.8581961986202329,0.6609230008279481
1300,0.9457880388145352,0.9807758880346178,0.7695795385712698
1301,0.9490215412222127,0.8581961986202329,0.7033024734501063
1302,0.9565959890651191,0.565923794803733,0.6234449091945248
1303,0.9585890896010348,0.8581961986202329,0.7065838001741918
1304,0.9613301426809676,0.9428836749951099,0.7712694845575137
1305,0.9692267643566648,0.565923794803733,0.7529739823586126
1306,0.970292954377909,0.8581961986202329,0.7048221703709279
1307,0.970938449209969,0.8581961986202329,0.8472830041254037
1308,0.9715615405555066,0.565923794803733,0.8086758923739171
1309,0.9721314798542046,0.8581961986202329,0.7075640763719386
1310,0.9722156503828859,0.565923794803733,0.6373461934101067
1311,0.9741671155236682,0.8581961986202329,0.7281516686200507
1312,0.976875890487979,0.9092822162675246,0.70796550574725
1313,0.9771051663294672,0.9293958328583308,0.7167521496184629
1314,0.9785254933906791,0.8220745707877681,0.6678763310788773
1315,0.980412199859074,0.9244727352582234,0.8181489087930954
1316,0.9804777682960345,0.8581961986202329,0.7216768278477292
1317,0.9813603666937892,0.9467510431054241,0.7306838994562783
1318,0.9817183051285584,0.8581961986202329,0.6706988813740353
1319,0.9826594764971006,0.8581961986202329,0.7372375924273216
1320,0.983757832166665,0.8581961986202329,0.6358462095389655
1321,0.9852595405674731,0.8581961986202329,0.8388135611445038
1322,0.9855601881586957,0.8581961986202329,0.6742866564158808
1323,0.9859194087207056,0.5542385660405433,0.6986985803020039
1324,0.9862543138520622,0.985042054218682,0.6571112138579155
1325,0.9862871543041933,0.9939456325172891,0.5688075038619657
1326,0.9869674240259758,0.565923794803733,0.7709092733769888
1327,0.9870415624713349,0.9796493821767873,0.8614477263685336
1328,0.9875204482424802,0.840312889627026,0.7171123607989878
1329,0.8580967662366682,0.8581961986202329,0.6463460966369537
1330,0.8600707473312746,0.8581961986202329,0.7044386619498715
1331,0.8695815672030592,0.8581961986202329,0.7086554624860665
1332,0.8729451942789413,0.8581961986202329,0.715653595122633
1333,0.8794842006609208,0.8581961986202329,0.7016053590821605
1334,0.9090539012140305,0.8581961986202329,0.6726056709067645
1335,0.917854737502892,0.8581961986202329,0.7055246717777228
1336,0.931079272667661,0.9895166494865774,0.23395268151238513
1337,0.9352668801835898,0.8581961986202329,0.6267208596323337
1338,0.9539259928264756,0.8581961986202329,0.7293434120780063
1339,0.9540415192389041,0.5542385660405433,0.6116833869169865
1340,0.9580487067092549,0.565923794803733,0.5911388049590864
1341,0.9585124993684961,0.9467510431054241,0.6017892280728164
1342,0.9588649493989365,0.9062635525704734,0.7362376031798941
1343,0.9624269013148462,0.9600026040135409,0.7348343924617298
1344,0.9684587701394635,0.947001784409279,0.7664326190040968
1345,0.9691460128339587,0.9467510431054241,0.7626369608928936
1346,0.9705113883715019,0.9296674902709494,0.7160783217384759
1347,0.9717010449966829,0.9261250358501865,0.719906237567338
1348,0.973370307183741,0.565923794803733,0.7131321168589585
1349,0.9741468264224201,0.7128206866675706,0.6637312143597023
1350,0.9743632135111199,0.0,0.6875768360913682
1351,0.97580074806951,0.5960920836788351,0.6537420744579807
1352,0.9763614425559984,0.9467510431054241,0.6974226083590499
1353,0.9768313084495379,0.9404960945796919,0.664883531718297
1354,0.9770620913528705,0.6528830029916155,0.6586828815460766
1355,0.9787346150916814,0.9088446579922216,0.7942638609620685
1356,0.9789915353959566,0.9467510431054241,0.6367064153432043
1357,0.8226726027808305,0.8581961986202329,0.6734425794704717
1358,0.9272506607791384,0.9062635525704734,0.7438593850245339
1359,0.9468143479305544,0.9062635525704734,0.6701074898836213
1360,0.9477808244420058,0.9062635525704734,0.6852596567062004
1361,0.9609094474917834,0.5542385660405433,0.7310279817779737
1362,0.9651653676468372,0.9799663158248423,0.7246266169180977
1363,0.9662477079726226,0.9568465036018188,0.5078905961584643
1364,0.9704367775634751,0.9200051720268946,0.6577635365927965
1365,0.9716427194539595,0.7128206866675706,0.6767292824808335
1366,0.9727732632653046,0.8581961986202329,0.6975301340845798
1367,0.975033136241135,0.9962968167434471,0.7849808066579929
1368,0.9753255062389437,0.9722453556758495,0.6656415880832822
1369,0.9756110607182621,0.8741646816563446,0.4888710874076623
1370,0.976697449866913,0.5542385660405433,0.6338301021852812
1371,0.9771302240443125,0.9509409608929966,0.7433360931602886
1372,0.9772803004118598,0.8210024372126735,0.7420654975036111
1373,0.9773269068617335,0.9487853896840264,0.6930767769522191
1374,0.978294620513505,0.6512475384872001,0.655534169883478
1375,0.9788770661761653,0.49332459328788514,0.7469077393433046
1376,0.9789424996523636,0.9975838834361939,0.6667885291556005
1377,0.9797024412107546,0.9404960945796919,0.5771479159722297
1378,0.9797685494907638,0.9983853796039739,0.7237538664458805
1379,0.9809120495352783,0.952158259222948,0.7433862718322025
1380,0.9810105708916718,0.985042054218682,0.7078705246896987
1381,0.8686196568640616,0.5542385660405433,0.6643924975717107
1382,0.8691984135992222,0.5542385660405433,0.6507582355745278
1383,0.8831209208390799,0.5542385660405433,0.6054468948362562
1384,0.8954890399939573,0.5542385660405433,0.6967667014333179
1385,0.902364278621455,0.5542385660405433,0.585291197585689
1386,0.9069599400018435,0.5542385660405433,0.6359662799324739
1387,0.9173579919242179,0.5542385660405433,0.6801880266520431
1388,0.9396787250058855,0.5542385660405433,0.7023938810693792
1389,0.9442213243132758,0.5542385660405433,0.5883771859083953
1390,0.950562275776752,0.5542385660405433,0.6283068640838987
1391,0.9699766063513524,0.9997223905564309,0.7341121780052544
1392,0.9784200890354143,0.9975838834361939,0.6622724486833476
1393,0.9788129373206681,0.43827866304904783,0.4689411941807078
1394,0.9797918302222404,0.4353222316756047,0.7514238198155575
1395,0.9811744132569618,0.9874522907519119,0.7969287068597829
1396,0.9815921393093778,0.9838874442147099,0.7476478747540349
1397,0.9824953867037467,0.894859953271757,0.6867883141041494
1398,0.9825862152966958,0.9253743839467965,0.6833761644140027
1399,0.9828424158102395,0.9796493821767873,0.6878420662143419
1400,0.9837756694807335,0.985042054218682,0.6646631039809607
1401,0.9845283906383477,0.985042054218682,0.5310749346781217
1402,0.9847986495646188,0.9568465036018188,0.6931430844829625
1403,0.8768187031143501,0.8597422026594539,0.6521363569567352
1404,0.8794912861009354,0.4175164910857536,0.6941968365931549
1405,0.8887922644809861,0.4175164910857536,0.7525707608878758
1406,0.8912564455573009,0.4175164910857536,0.8086508030379602
1407,0.9058256172891574,0.4175164910857536,0.7216983329928353
1408,0.9115222210870523,0.4175164910857536,0.6907076267997119
1409,0.9253868301599335,0.4175164910857536,0.732092486460719
1410,0.9258353272661273,0.4175164910857536,0.7039458357078598
1411,0.9332780758986037,0.9392878802969775,0.3857879664376369
1412,0.9395118010365257,0.4175164910857536,0.8111848259696133
1413,0.9472748115576618,0.4175164910857536,0.7482930291072138
1414,0.9513003536916694,0.988749977499883,0.6379716347136053
1415,0.9587725912506827,0.4175164910857536,0.737278810622108
1416,0.9607497889101212,0.9392878802969775,0.6278409192732695
1417,0.9621505916477373,0.4175164910857536,0.7349849284774715
1418,0.9626793679139696,0.90712897307066,0.7085981154324505
1419,0.9701327559531979,0.9296674902709494,0.6503030433364516
1420,0.9715693007993321,0.4175164910857536,0.7580904147984072
1421,0.9719771522226486,0.985042054218682,0.7066088895101487
1422,0.9729995699700248,0.9977603323537282,0.7885470765547324
1423,0.9751749575087287,0.9392878802969775,0.47333899635487786
1424,0.976726084041956,0.9257847620807629,0.4410328921194395
1425,0.9772385525494245,0.4353222316756047,0.6569750146055777
1426,0.9789689519617514,0.49332459328788514,0.7717336372727175
1427,0.9792938475032461,0.9392878802969775,0.6067174904929338
1428,0.9807077864217146,0.4175164910857536,0.7858087547445727
1429,0.981735962494944,0.985042054218682,0.7304079167607517
1430,0.981809965979541,0.7948897254265722,0.693790030931567
1431,0.452656484417003,0.4175164910857536,0.6725232345171916
1432,0.9463507352189962,0.7340054288282298,0.7728536969136532
1433,0.9464938836007514,0.9990683271553013,0.65390157095085
1434,0.9543103160902515,0.9022116355005046,0.7287950308778042
1435,0.9565557707579887,0.9948036849791619,0.6151636362333022
1436,0.9574892043761657,0.952158259222948,0.7690383257527696
1437,0.9688438131939711,0.8715368719917344,0.7234671311778009
1438,0.9761462026337773,0.4175164910857536,0.7216983329928353
1439,0.9769188529972739,0.9428227746784283,0.6937183471145472
1440,0.9781266168580478,0.9652840714771717,0.5905653344229274
1441,0.9796754940452388,0.9186658570624567,0.7133830102185281
1442,0.9799666943831086,0.9133429293832328,0.6467761995390731
1443,0.9811583754197224,0.9111591460275593,0.7221140991315506
1444,0.9816528041719791,0.9317984613519991,0.6766575986638137
1445,0.9817754385178825,0.9088446579922216,0.7613161865643021
1446,0.9823388996999958,0.9428227746784283,0.764350204119669
1447,0.9825049689178617,0.934814269034199,0.726047748590517
1448,0.9826418641176358,0.8297674147905569,0.6846861861700412
1449,0.9827947296742682,0.8297674147905569,0.699931541954746
1450,0.9836006478656428,0.9600026040135409,0.5523811571918582
1451,0.9843446865475566,0.9875174390906832,0.7624237015372595
1452,0.9845853440799889,0.985042054218682,0.7077199886739569
1453,0.9851536413560803,0.8308133882296188,0.6712203811428551
1454,0.98589185423176,0.894859953271757,0.538284534574897
1455,0.9510899273699661,0.9926041575416192,0.6543639315706282
1456,0.9607114600536613,0.985042054218682,0.7875596319752834
1457,0.9629456454977562,0.43827866304904783,0.7355583990136307
1458,0.9640399973313759,0.9875174390906832,0.8059590757088634
1459,0.9744282421050317,0.9996939624086045,0.7233954473607811
1460,0.9767739726190706,0.9942208779485653,0.7635132955559618
1461,0.9804583564397404,0.8120970109044567,0.7281875105285607
1462,0.9807929241691917,0.9759279228251987,0.7402644416009864
1463,0.9831353031576364,0.9990536750791104,0.6803959097214008
1464,0.9832974135264784,0.734416610966377,0.6631577438235431
1465,0.9837854541359917,0.7276722158955227,0.6829675666569894
1466,0.9839527829876381,0.9371645292555522,0.730488561054899
1467,0.9840560504641683,0.49332459328788514,0.7081267943355447
1468,0.9844426230739806,0.9341942618101614,0.8481019917348559
1469,0.9854152403001113,0.4353222316756047,0.6891861377834647
1470,0.9861519236204862,0.9234588979862696,0.695390372146536
1471,0.986377645495237,0.924067781152462,0.7374454754966793
1472,0.9225578951303592,0.43827866304904783,0.4498016150363975
1473,0.9329398192416528,0.43827866304904783,0.6334806435773093
1474,0.9351174786198535,0.9257847620807629,0.6786647455403705
1475,0.9490176048666491,0.840312889627026,0.7171123607989878
1476,0.9505430888550617,0.43827866304904783,0.6658333422938105
1477,0.9564312019744939,0.9863739291444316,0.762000767016842
1478,0.9709816816407881,0.43827866304904783,0.5773988093317993
1479,0.9747844260498923,0.9875174390906832,0.6994154184722028
1480,0.976626415519084,0.9425277531443164,0.7257914789446709
1481,0.9799742071988701,0.985042054218682,0.7626136636523622
1482,0.9806132464078057,0.9897029624554048,0.7540940419995483
1483,0.9832134454389403,0.770822748278291,0.7102056250291215
1484,0.9838967967647926,0.6786459129587474,0.7390709060476053
1485,0.984722734135891,0.9923843643986948,0.7413809170510711
1486,0.9854252723834336,0.43827866304904783,0.705067687444221
1487,0.850321384312332,0.43827866304904783,0.7423683616305201
1488,0.8670445972890072,0.9257847620807629,0.6582115604491707
1489,0.8797596105896153,0.9257847620807629,0.5191682526711182
1490,0.880384253983918,0.43827866304904783,0.6938850119891184
1491,0.8815125034623059,0.9257847620807629,0.6378551485109479
1492,0.8840941678821008,0.43827866304904783,0.748938183460393
1493,0.8856449570134227,0.43827866304904783,0.6945552556782544
1494,0.8878966873566014,0.43827866304904783,0.6715447504148702
1495,0.898352569965571,0.43827866304904783,0.5397415081558263
1496,0.9064337954704739,0.43827866304904783,0.7358200449457533
1497,0.9065786758486771,0.9257847620807629,0.5407683788346362
1498,0.9077425099813605,0.43827866304904783,0.6100400354118056
1499,0.9101157949843452,0.9257847620807629,0.594316190148493
1500,0.9133086742026058,0.43827866304904783,1.0
1501,0.9159334360924577,0.43827866304904783,0.7362752371838296
1502,0.933884274655408,0.43827866304904783,0.5109962975308509
1503,0.9353373297014492,0.8120970109044567,0.674464073863005
1504,0.9373643503755935,0.9257847620807629,0.461701128661699
1505,0.9485660486498458,0.9257847620807629,0.66356096529428
1506,0.9553776982648949,0.9257847620807629,0.7667874538983452
1507,0.9587404705892832,0.9796493821767873,0.7425619079364738
1508,0.960447926672039,0.9257847620807629,0.6956161761701487
1509,0.9661997294216665,0.9886369609121968,0.7498790335587789
1510,0.9666941131870026,0.9808144562351724,0.7073149751077945
1511,0.9245341930513832,0.6528830029916155,0.7096106493478564
1512,0.9276043254564384,0.6528830029916155,0.7484525256000831
1513,0.9433806762190995,0.6528830029916155,0.7873804224327337
1514,0.9481094314044606,0.6528830029916155,0.7198488905137221
1515,0.9532165040996806,0.6528830029916155,0.7047218130271
1516,0.9626870606774139,0.8297674147905569,0.7722479686598351
1517,0.9650374248442879,0.9092822162675246,0.7694074974104221
1518,0.9655868950940548,0.985042054218682,0.7048150019892259
1519,0.9734444906160208,0.6528830029916155,0.7150353222008365
1520,0.9749186445278832,0.6528830029916155,0.5821317333505375
1521,0.9756628856509403,0.9542363220288745,0.8325699006820715
1522,0.9769771560465368,0.5960920836788351,0.6425844883388351
1523,0.9780769512975646,0.9207524039125004,0.7210191288265717
1524,0.9795394311034982,0.9207524039125004,0.7696100041935032
1525,0.9818837445295342,0.9425277531443164,0.6968348010594868
1526,0.9830090023776937,0.9835611025177331,0.7341480199137644
1527,0.9830553838929639,0.9228477828084706,0.7454095475675888
1528,0.9841729264842186,0.9838219238740041,0.6271240811030705
1529,0.9842928841083387,0.6528830029916155,0.7278093783937807
1530,0.9844639018874848,0.6528830029916155,0.6732956276455808
1531,0.9852541646304461,0.9022116355005046,0.7189026641290596
1532,0.985590261915202,0.9111591460275593,0.6731809335383491
1533,0.9557092743641178,0.781706852875635,0.7048526359931614
1534,0.9612572413759286,0.9948036849791619,0.6153661430163833
1535,0.9646419223307112,0.9948036849791619,0.7724038809618534
1536,0.9682781926396629,0.9948036849791619,0.6057228775317829
1537,0.9763023972225435,0.9515899002674814,0.6933043730712574
1538,0.9829182637585862,0.9847416446565522,0.7329777816009146
1540,0.9874889349045105,0.9799663158248423,0.7724755647788734
1541,0.9886663325937933,0.7728142666341865,0.6534266656630932
1542,0.9905960690518643,0.7366940188088977,0.6689748855747071
1543,0.9917464970821708,0.6491895397856069,0.7400493901499268
1544,0.893832059236258,0.9983853796039739,0.7237538664458805
1545,0.9210617426142611,0.9948036849791619,0.7293720856048143
1546,0.9672490943345586,0.8959982671909894,0.711854352820579
1547,0.9732910402294189,0.9948036849791619,0.9700648380124945
1548,0.9780978027353218,0.8711542620021624,0.7715669723981462
1549,0.9847961977774392,0.9341942618101614,0.7725221592599363
1550,0.9881808337453011,0.770822748278291,0.6680179066174916
1551,0.9887358598797779,0.9833687535175183,0.715988716967201
1552,0.989774652866299,0.6740448010329654,0.6788797969914302
1553,0.9899466153707802,0.8198283511074258,0.727965290695799
1554,0.9899950662844038,0.7276722158955227,0.6645663308279839
1555,0.9902985255581719,0.9975550232861211,0.7801977039673409
1556,0.9905669850076139,0.49332459328788514,0.6573979491259951
